backend,mesh,density,arm,state,repeat,request,ok,seconds,engagement,count_matched,quads,quad_ratio,singularities,singularity_ratio,angle_dev_mean,angle_dev_median,angle_dev_p95,flow_loop_mean_len,flow_turning_mean,hausdorff_p99,chamfer_mean,feature_recall,edge_length_cv,error
geo,stanford-bunny,3000,mixed,off,0,3000,True,2.05,flag-unread,True,2696,0.9739884393063584,358,0.13161764705882353,20.5870384424341,13.868821181515884,64.43352276927523,32.67878787878788,26.969105235955926,0.007096769681186539,0.002384810790799286,0.8231780167264038,0.6077970085845062,
geo,stanford-bunny,3000,mixed,off,1,3000,True,2.03,flag-unread,True,2696,0.9739884393063584,358,0.13161764705882353,20.5870384424341,13.868821181515884,64.43352276927523,32.67878787878788,26.969105235955926,0.007096769681186539,0.002384810790799286,0.8231780167264038,0.6077970085845062,
geo,stanford-bunny,3000,mixed,off,2,3000,True,2.02,flag-unread,True,2696,0.9739884393063584,358,0.13161764705882353,20.5870384424341,13.868821181515884,64.43352276927523,32.67878787878788,26.969105235955926,0.007096769681186539,0.002384810790799286,0.8231780167264038,0.6077970085845062,
geo,fandisk,3000,mixed,off,0,3000,True,0.77,flag-unread,True,2621,0.9946869070208728,39,0.01478953356086462,6.3634286303556,4.818635026346207,16.88389527601715,174.73333333333332,10.237230518281802,0.0044791486523082505,0.0017366864381325336,0.7977099236641222,0.12969613729240057,
geo,fandisk,3000,mixed,off,1,3000,True,0.77,flag-unread,True,2621,0.9946869070208728,39,0.01478953356086462,6.3634286303556,4.818635026346207,16.88389527601715,174.73333333333332,10.237230518281802,0.0044791486523082505,0.0017366864381325336,0.7977099236641222,0.12969613729240057,
geo,fandisk,3000,mixed,off,2,3000,True,0.77,flag-unread,True,2621,0.9946869070208728,39,0.01478953356086462,6.3634286303556,4.818635026346207,16.88389527601715,174.73333333333332,10.237230518281802,0.0044791486523082505,0.0017366864381325336,0.7977099236641222,0.12969613729240057,
nogeo,stanford-bunny,3000,mixed,off,0,3000,True,1.6,flag-unread,True,2515,0.9782185919875535,87,0.03385214007782101,7.0814324643625515,4.578720453482269,20.996226094497608,46.574074074074076,14.05501243664081,0.00672821859019175,0.0020185006005175397,0.6547192353643967,0.26664312696850484,
nogeo,stanford-bunny,3000,mixed,off,1,3000,True,1.6,flag-unread,True,2515,0.9782185919875535,87,0.03385214007782101,7.0814324643625515,4.578720453482269,20.996226094497608,46.574074074074076,14.05501243664081,0.00672821859019175,0.0020185006005175397,0.6547192353643967,0.26664312696850484,
nogeo,stanford-bunny,3000,mixed,off,2,3000,True,1.58,flag-unread,True,2515,0.9782185919875535,87,0.03385214007782101,7.0814324643625515,4.578720453482269,20.996226094497608,46.574074074074076,14.05501243664081,0.00672821859019175,0.0020185006005175397,0.6547192353643967,0.26664312696850484,
nogeo,stanford-bunny,3000,mixed,guided,0,3000,True,14.1,steered(injected=0),True,2535,0.9829391236913533,92,0.03570042685292976,6.711787819281322,4.175704579311805,20.24891302742539,60.357142857142854,14.072644590588776,0.007085465173408735,0.002034246064461737,0.5615292712066906,0.2693193031430695,
nogeo,stanford-bunny,3000,mixed,guided,1,3000,True,14.42,steered(injected=0),True,2535,0.9829391236913533,92,0.03570042685292976,6.711787819281322,4.175704579311805,20.24891302742539,60.357142857142854,14.072644590588776,0.007085465173408735,0.002034246064461737,0.5615292712066906,0.2693193031430695,
nogeo,stanford-bunny,3000,mixed,guided,2,3000,True,14.48,steered(injected=0),True,2535,0.9829391236913533,92,0.03570042685292976,6.711787819281322,4.175704579311805,20.24891302742539,60.357142857142854,14.072644590588776,0.007085465173408735,0.002034246064461737,0.5615292712066906,0.2693193031430695,
geo,spot,500,mixed,off,0,500,True,0.23,flag-unread,True,444,0.9955156950672646,65,0.1447661469933185,18.96335385016523,15.693465265238409,47.840631625299196,80.72727272727273,33.53227976124414,0.020441442129859343,0.006728695532500055,0.20348837209302326,0.6022457645620839,
geo,spot,500,mixed,guided,0,500,True,0.22,flag-unread,True,444,0.9955156950672646,65,0.1447661469933185,18.96335385016523,15.693465265238409,47.840631625299196,80.72727272727273,33.53227976124414,0.020441442129859343,0.006728695532500055,0.20348837209302326,0.6022457645620839,
geo,spot,500,pure,off,0,500,True,0.24,flag-unread,True,798,1.0,86,0.1075,11.196612426312623,8.50751924507778,30.4147080265957,228.0,24.986731545540703,0.022114544997465818,0.003707413567293677,0.45930232558139533,0.4472091462365469,
geo,spot,500,pure,guided,0,500,True,0.24,flag-unread,True,798,1.0,86,0.1075,11.196612426312623,8.50751924507778,30.4147080265957,228.0,24.986731545540703,0.022114544997465818,0.003707413567293677,0.45930232558139533,0.4472091462365469,
geo,spot,1000,mixed,off,0,1000,True,0.33,flag-unread,True,884,0.9977426636568849,87,0.09786276715410573,16.265719205121933,12.05736176759676,46.13496444018734,84.19047619047619,25.91258390547776,0.009792241697410142,0.003805336971851365,0.3546511627906977,0.6194037652661778,
geo,spot,1000,mixed,guided,0,1000,True,0.34,flag-unread,True,884,0.9977426636568849,87,0.09786276715410573,16.265719205121933,12.05736176759676,46.13496444018734,84.19047619047619,25.91258390547776,0.009792241697410142,0.003805336971851365,0.3546511627906977,0.6194037652661778,
geo,spot,1000,pure,off,0,1000,True,0.23,flag-unread,True,1094,1.0,70,0.06398537477148081,17.220929635187865,11.284757577051735,57.897146518982154,312.57142857142856,28.413252127658897,0.010538967627068243,0.0024776972931758955,0.3546511627906977,0.3433009296322749,
geo,spot,1000,pure,guided,0,1000,True,0.22,flag-unread,True,1094,1.0,70,0.06398537477148081,17.220929635187865,11.284757577051735,57.897146518982154,312.57142857142856,28.413252127658897,0.010538967627068243,0.0024776972931758955,0.3546511627906977,0.3433009296322749,
geo,spot,1500,mixed,off,0,1500,True,0.44,flag-unread,True,1189,0.998320738874895,82,0.06867671691792294,14.274196514107535,10.861588631903892,40.20383048586217,103.3913043478261,22.061989995694884,0.00684598285183147,0.002830632874218044,0.6162790697674418,0.5869272692603895,
geo,spot,1500,mixed,guided,0,1500,True,0.45,flag-unread,True,1189,0.998320738874895,82,0.06867671691792294,14.274196514107535,10.861588631903892,40.20383048586217,103.3913043478261,22.061989995694884,0.00684598285183147,0.002830632874218044,0.6162790697674418,0.5869272692603895,
geo,spot,1500,pure,off,0,1500,True,0.26,flag-unread,True,1388,1.0,64,0.0460431654676259,14.638930071902132,10.481398023402328,43.603475909902336,347.0,23.662892220749242,0.00950973082737096,0.0021835021621289265,0.36046511627906974,0.30113801240980426,
geo,spot,1500,pure,guided,0,1500,True,0.26,flag-unread,True,1388,1.0,64,0.0460431654676259,14.638930071902132,10.481398023402328,43.603475909902336,347.0,23.662892220749242,0.00950973082737096,0.0021835021621289265,0.36046511627906974,0.30113801240980426,
geo,spot,2000,mixed,off,0,2000,True,0.5,flag-unread,True,1746,0.9977142857142857,70,0.03993154592127781,12.596020865240215,9.314326562317824,36.21087206591702,83.14285714285714,18.204718770478824,0.004948009346447066,0.0022922060472266212,0.7732558139534884,0.5656601773187927,
geo,spot,2000,mixed,guided,0,2000,True,0.51,flag-unread,True,1746,0.9977142857142857,70,0.03993154592127781,12.596020865240215,9.314326562317824,36.21087206591702,83.14285714285714,18.204718770478824,0.004948009346447066,0.0022922060472266212,0.7732558139534884,0.5656601773187927,
geo,spot,2000,pure,off,0,2000,True,0.3,flag-unread,True,1786,1.0,67,0.03747203579418344,13.026769486097885,9.822262189865299,35.161543946353994,188.0,19.483405173370716,0.005591268456338569,0.001912273179914481,0.5697674418604651,0.33360716557033937,
geo,spot,2000,pure,guided,0,2000,True,0.31,flag-unread,True,1786,1.0,67,0.03747203579418344,13.026769486097885,9.822262189865299,35.161543946353994,188.0,19.483405173370716,0.005591268456338569,0.001912273179914481,0.5697674418604651,0.33360716557033937,
geo,spot,3000,mixed,off,0,3000,True,0.4,flag-unread,True,3331,0.9996998799519808,91,0.027286356821589204,12.828786213648305,9.83174806691116,36.09451850617674,222.06666666666666,14.191294366099036,0.003981431396200058,0.0018524937875521199,0.8546511627906976,0.5984995417156214,
geo,spot,3000,mixed,guided,0,3000,True,0.41,flag-unread,True,3331,0.9996998799519808,91,0.027286356821589204,12.828786213648305,9.83174806691116,36.09451850617674,222.06666666666666,14.191294366099036,0.003981431396200058,0.0018524937875521199,0.8546511627906976,0.5984995417156214,
geo,spot,3000,pure,off,0,3000,True,0.38,flag-unread,True,2502,1.0,74,0.029552715654952075,12.566280092205348,8.66104218976377,38.015984066512544,161.41935483870967,18.62013653286262,0.004400418882797587,0.001737508318922097,0.686046511627907,0.33704822691534125,
geo,spot,3000,pure,guided,0,3000,True,0.39,flag-unread,True,2502,1.0,74,0.029552715654952075,12.566280092205348,8.66104218976377,38.015984066512544,161.41935483870967,18.62013653286262,0.004400418882797587,0.001737508318922097,0.686046511627907,0.33704822691534125,
geo,spot,4500,mixed,off,0,4500,True,0.61,flag-unread,True,4816,0.9997924019099025,88,0.018257261410788383,11.51926336887133,8.79185340876002,32.166776586933814,310.7096774193548,11.946213508654951,0.0036885374381941676,0.0016666628018384203,0.8895348837209303,0.5775707917482195,
geo,spot,4500,mixed,guided,0,4500,True,0.58,flag-unread,True,4816,0.9997924019099025,88,0.018257261410788383,11.51926336887133,8.79185340876002,32.166776586933814,310.7096774193548,11.946213508654951,0.0036885374381941676,0.0016666628018384203,0.8895348837209303,0.5775707917482195,
geo,spot,4500,pure,off,0,4500,True,0.49,flag-unread,True,4016,1.0,91,0.02264808362369338,11.434688156318558,7.067940633374725,39.6044224694215,167.33333333333334,17.221035983684775,0.003811651156668348,0.0016056397052910964,0.7209302325581395,0.3321455579008014,
geo,spot,4500,pure,guided,0,4500,True,0.5,flag-unread,True,4016,1.0,91,0.02264808362369338,11.434688156318558,7.067940633374725,39.6044224694215,167.33333333333334,17.221035983684775,0.003811651156668348,0.0016056397052910964,0.7209302325581395,0.3321455579008014,
geo,spot,6000,mixed,off,0,6000,True,0.69,flag-unread,True,6128,1.0,85,0.013866231647634585,11.372036202480095,8.673001484866262,31.308594488603823,350.1714285714286,10.55991838523027,0.003618509261857215,0.0015993609352128798,0.9534883720930233,0.5537388595404343,
geo,spot,6000,mixed,guided,0,6000,True,0.7,flag-unread,True,6128,1.0,85,0.013866231647634585,11.372036202480095,8.673001484866262,31.308594488603823,350.1714285714286,10.55991838523027,0.003618509261857215,0.0015993609352128798,0.9534883720930233,0.5537388595404343,
geo,spot,6000,pure,off,0,6000,True,0.59,flag-unread,True,4766,1.0,84,0.01761744966442953,11.397659751031542,8.150167349399318,33.7829987266694,232.4878048780488,15.826741879054111,0.003849047664579363,0.001585127195262952,0.813953488372093,0.34159312826463567,
geo,spot,6000,pure,guided,0,6000,True,0.6,flag-unread,True,4766,1.0,84,0.01761744966442953,11.397659751031542,8.150167349399318,33.7829987266694,232.4878048780488,15.826741879054111,0.003849047664579363,0.001585127195262952,0.813953488372093,0.34159312826463567,
geo,fandisk,500,mixed,off,0,500,True,0.34,flag-unread,True,471,0.9631901840490797,65,0.13347022587268995,14.521017531724018,8.9884484317137,60.64973543606683,27.705882352941178,29.251667457682366,0.013921649255922904,0.0025990258055240416,0.6612595419847328,0.2671680951151061,
geo,fandisk,500,mixed,guided,0,500,True,0.35,refused,True,471,0.9631901840490797,65,0.13347022587268995,14.521017531724018,8.9884484317137,60.64973543606683,27.705882352941178,29.251667457682366,0.013921649255922904,0.0025990258055240416,0.6612595419847328,0.2671680951151061,
geo,fandisk,500,pure,off,0,500,True,0.36,flag-unread,True,428,1.0,37,0.08604651162790698,18.218022804541924,10.16148154710136,79.64104546740063,142.66666666666666,28.82868073437848,0.049461615973807396,0.004422526645262281,0.5252862595419847,0.3207139840916651,
geo,fandisk,500,pure,guided,0,500,True,0.34,refused,True,428,1.0,37,0.08604651162790698,18.218022804541924,10.16148154710136,79.64104546740063,142.66666666666666,28.82868073437848,0.049461615973807396,0.004422526645262281,0.5252862595419847,0.3207139840916651,
geo,fandisk,1000,mixed,off,0,1000,True,0.4,flag-unread,True,856,0.9861751152073732,58,0.0667433831990794,9.524419127794046,5.990330540911387,29.803951772944092,61.142857142857146,20.826539482579676,0.00867050610076693,0.002134952617479908,0.6774809160305344,0.18612842990787706,
geo,fandisk,1000,mixed,guided,0,1000,True,0.4,refused,True,856,0.9861751152073732,58,0.0667433831990794,9.524419127794046,5.990330540911387,29.803951772944092,61.142857142857146,20.826539482579676,0.00867050610076693,0.002134952617479908,0.6774809160305344,0.18612842990787706,
geo,fandisk,1000,pure,off,0,1000,True,0.37,flag-unread,True,956,1.0,40,0.04175365344467641,11.35670411939014,6.799804391850472,35.89373048307687,136.57142857142858,19.60338260011936,0.011324875875208659,0.0021975595176633323,0.6583969465648855,0.22384761015420418,
geo,fandisk,1000,pure,guided,0,1000,True,0.38,refused,True,956,1.0,40,0.04175365344467641,11.35670411939014,6.799804391850472,35.89373048307687,136.57142857142858,19.60338260011936,0.011324875875208659,0.0021975595176633323,0.6583969465648855,0.22384761015420418,
geo,fandisk,1500,mixed,off,0,1500,True,0.54,flag-unread,True,1294,0.9938556067588326,36,0.027607361963190184,7.040723799995159,4.728979987160692,19.51618812643732,99.53846153846153,14.775521635781665,0.006326284498963677,0.0019031661593720307,0.7538167938931297,0.1421505495099307,
geo,fandisk,1500,mixed,guided,0,1500,True,0.54,refused,True,1294,0.9938556067588326,36,0.027607361963190184,7.040723799995159,4.728979987160692,19.51618812643732,99.53846153846153,14.775521635781665,0.006326284498963677,0.0019031661593720307,0.7538167938931297,0.1421505495099307,
geo,fandisk,1500,pure,off,0,1500,True,0.41,flag-unread,True,1412,1.0,58,0.04101838755304102,15.774064560037532,9.220151446547654,89.83631013636874,706.0,18.574953159480604,0.008156935656246174,0.0019418420554814986,0.711354961832061,0.2482926139111871,
geo,fandisk,1500,pure,guided,0,1500,True,0.42,refused,True,1412,1.0,58,0.04101838755304102,15.774064560037532,9.220151446547654,89.83631013636874,706.0,18.574953159480604,0.008156935656246174,0.0019418420554814986,0.711354961832061,0.2482926139111871,
geo,fandisk,2000,mixed,off,0,2000,True,0.64,flag-unread,True,1714,0.9907514450867052,48,0.027745664739884393,8.412622191063365,6.546119820476498,21.61766128433118,100.82352941176471,13.094251299540153,0.005314353483792633,0.0018184107279456884,0.7757633587786259,0.1560798437831709,
geo,fandisk,2000,mixed,guided,0,2000,True,0.64,refused,True,1714,0.9907514450867052,48,0.027745664739884393,8.412622191063365,6.546119820476498,21.61766128433118,100.82352941176471,13.094251299540153,0.005314353483792633,0.0018184107279456884,0.7757633587786259,0.1560798437831709,
geo,fandisk,2000,pure,off,0,2000,True,0.42,flag-unread,True,1948,1.0,83,0.04256410256410256,15.410045888431547,8.611030471369226,78.75043617662365,278.2857142857143,18.83786953063834,0.006715069522751029,0.0018412364606736375,0.6937022900763359,0.24601959264109025,
geo,fandisk,2000,pure,guided,0,2000,True,0.44,refused,True,1948,1.0,83,0.04256410256410256,15.410045888431547,8.611030471369226,78.75043617662365,278.2857142857143,18.83786953063834,0.006715069522751029,0.0018412364606736375,0.6937022900763359,0.24601959264109025,
geo,fandisk,3000,mixed,off,0,3000,True,0.84,flag-unread,True,2621,0.9946869070208728,39,0.01478953356086462,6.3634286303556,4.818635026346207,16.88389527601715,174.73333333333332,10.237230518281802,0.0044791486523082505,0.0017366864381325336,0.7977099236641222,0.12969613729240057,
geo,fandisk,3000,mixed,guided,0,3000,True,0.85,refused,True,2621,0.9946869070208728,39,0.01478953356086462,6.3634286303556,4.818635026346207,16.88389527601715,174.73333333333332,10.237230518281802,0.0044791486523082505,0.0017366864381325336,0.7977099236641222,0.12969613729240057,
geo,fandisk,3000,pure,off,0,3000,True,0.49,flag-unread,True,2660,1.0,55,0.020676691729323307,9.500964961494844,5.955029713013616,24.81664679877642,443.3333333333333,13.020062653813637,0.005840226106650605,0.001775961646731507,0.7194656488549618,0.19447558431933404,
geo,fandisk,3000,pure,guided,0,3000,True,0.49,refused,True,2660,1.0,55,0.020676691729323307,9.500964961494844,5.955029713013616,24.81664679877642,443.3333333333333,13.020062653813637,0.005840226106650605,0.001775961646731507,0.7194656488549618,0.19447558431933404,
geo,fandisk,4500,mixed,off,0,4500,True,1.07,flag-unread,True,3891,0.9953952417498081,56,0.014455343314403717,6.76961838152999,4.042721506386073,18.97061113247116,112.78260869565217,8.548627437434474,0.004364266169076208,0.0016985295849490777,0.8191793893129771,0.12207821719298076,
geo,fandisk,4500,mixed,guided,0,4500,True,1.05,refused,True,3891,0.9953952417498081,56,0.014455343314403717,6.76961838152999,4.042721506386073,18.97061113247116,112.78260869565217,8.548627437434474,0.004364266169076208,0.0016985295849490777,0.8191793893129771,0.12207821719298076,
geo,fandisk,4500,pure,off,0,4500,True,0.61,flag-unread,True,3960,1.0,54,0.013629480060575468,7.154605872888491,3.8268323881555375,22.854634830867795,330.0,10.38829907906121,0.0048224321142718305,0.0017091019183060512,0.7662213740458015,0.18181857123642753,
geo,fandisk,4500,pure,guided,0,4500,True,0.64,refused,True,3960,1.0,54,0.013629480060575468,7.154605872888491,3.8268323881555375,22.854634830867795,330.0,10.38829907906121,0.0048224321142718305,0.0017091019183060512,0.7662213740458015,0.18181857123642753,
geo,fandisk,6000,mixed,off,0,6000,True,1.3,flag-unread,True,5214,0.9984680199157411,36,0.006889952153110048,6.913627229495006,4.931603362264852,18.284553013413916,579.3333333333334,7.712793222255921,0.003999527925321577,0.0016563992524695308,0.8983778625954199,0.15045089376211376,
geo,fandisk,6000,mixed,guided,0,6000,True,1.28,refused,True,5214,0.9984680199157411,36,0.006889952153110048,6.913627229495006,4.931603362264852,18.284553013413916,579.3333333333334,7.712793222255921,0.003999527925321577,0.0016563992524695308,0.8983778625954199,0.15045089376211376,
geo,fandisk,6000,pure,off,0,6000,True,0.73,flag-unread,True,5208,1.0,44,0.008445297504798464,6.468464750170629,4.37534666350372,16.730121362320887,434.0,8.08299967676916,0.004438244628309911,0.00167926120872583,0.7857824427480916,0.124784108797576,
geo,fandisk,6000,pure,guided,0,6000,True,0.77,refused,True,5208,1.0,44,0.008445297504798464,6.468464750170629,4.37534666350372,16.730121362320887,434.0,8.08299967676916,0.004438244628309911,0.00167926120872583,0.7857824427480916,0.124784108797576,
geo,rocker-arm,500,mixed,off,0,500,True,0.5,flag-unread,True,425,0.9725400457665904,66,0.15102974828375287,20.301057506709327,14.622555266547586,56.866683974395606,32.69230769230769,32.93992536091231,0.02145936466769021,0.005813757129445811,0.18809980806142035,0.5309658616160613,
geo,rocker-arm,500,mixed,guided,0,500,True,0.47,flag-unread,True,425,0.9725400457665904,66,0.15102974828375287,20.301057506709327,14.622555266547586,56.866683974395606,32.69230769230769,32.93992536091231,0.02145936466769021,0.005813757129445811,0.18809980806142035,0.5309658616160613,
geo,rocker-arm,500,pure,off,0,500,True,0.63,flag-unread,True,1998,1.0,185,0.09259259259259259,11.277845160670346,7.458772171102325,31.993769938561716,1332.0,22.636496707498495,0.007630790305140783,0.0021596213238150898,0.6333973128598849,0.3334958074607237,
geo,rocker-arm,500,pure,guided,0,500,True,0.64,flag-unread,True,1998,1.0,185,0.09259259259259259,11.277845160670346,7.458772171102325,31.993769938561716,1332.0,22.636496707498495,0.007630790305140783,0.0021596213238150898,0.6333973128598849,0.3334958074607237,
geo,rocker-arm,1000,mixed,off,0,1000,True,0.67,flag-unread,True,889,0.9888765294771968,54,0.059800664451827246,19.01985689128582,15.539107457353921,48.535418391063466,61.310344827586206,23.08417362428677,0.008973885121306886,0.003153278678291002,0.39923224568138194,0.539950970237024,
geo,rocker-arm,1000,mixed,guided,0,1000,True,0.63,flag-unread,True,889,0.9888765294771968,54,0.059800664451827246,19.01985689128582,15.539107457353921,48.535418391063466,61.310344827586206,23.08417362428677,0.008973885121306886,0.003153278678291002,0.39923224568138194,0.539950970237024,
geo,rocker-arm,1000,pure,off,0,1000,True,0.73,flag-unread,True,3306,1.0,320,0.09679370840895342,10.568217986772765,6.9861602416044875,30.971411068392285,944.5714285714286,20.411724751835354,0.0047264501597117465,0.001835110723945214,0.8042226487523992,0.34856500426651843,
geo,rocker-arm,1000,pure,guided,0,1000,True,0.72,flag-unread,True,3306,1.0,320,0.09679370840895342,10.568217986772765,6.9861602416044875,30.971411068392285,944.5714285714286,20.411724751835354,0.0047264501597117465,0.001835110723945214,0.8042226487523992,0.34856500426651843,
geo,rocker-arm,1500,mixed,off,0,1500,True,0.8,flag-unread,True,1219,0.9951020408163266,48,0.03908794788273615,13.548870896318013,9.807497966722508,38.193782086724475,45.148148148148145,20.515371324719275,0.006282629314025617,0.0024866039017052547,0.6218809980806143,0.563847887657991,
geo,rocker-arm,1500,mixed,guided,0,1500,True,0.75,flag-unread,True,1219,0.9951020408163266,48,0.03908794788273615,13.548870896318013,9.807497966722508,38.193782086724475,45.148148148148145,20.515371324719275,0.006282629314025617,0.0024866039017052547,0.6218809980806143,0.563847887657991,
geo,rocker-arm,1500,pure,off,0,1500,True,0.63,flag-unread,True,1696,1.0,129,0.07615112160566706,26.204775871082532,22.331154625624812,65.35987695402771,565.3333333333334,35.24793899116632,0.025743315206417393,0.0038050258251637924,0.3474088291746641,0.4756433344306732,
geo,rocker-arm,1500,pure,guided,0,1500,True,0.61,flag-unread,True,1696,1.0,129,0.07615112160566706,26.204775871082532,22.331154625624812,65.35987695402771,565.3333333333334,35.24793899116632,0.025743315206417393,0.0038050258251637924,0.3474088291746641,0.4756433344306732,
geo,rocker-arm,2000,mixed,off,0,2000,True,0.86,flag-unread,True,1646,0.9915662650602409,57,0.03433734939759036,14.375146235002894,10.493356812312186,41.52439836524637,60.96296296296296,18.922805053722126,0.005416565561889907,0.002205738782173804,0.817658349328215,0.5642567452607115,
geo,rocker-arm,2000,mixed,guided,0,2000,True,0.88,flag-unread,True,1646,0.9915662650602409,57,0.03433734939759036,14.375146235002894,10.493356812312186,41.52439836524637,60.96296296296296,18.922805053722126,0.005416565561889907,0.002205738782173804,0.817658349328215,0.5642567452607115,
geo,rocker-arm,2000,pure,off,0,2000,True,0.57,flag-unread,True,1748,1.0,78,0.04462242562929062,15.793572924245774,11.887380568537615,43.49903491701285,349.6,21.81043043438483,0.008791734162550925,0.002193396679524864,0.491362763915547,0.28491296242820596,
geo,rocker-arm,2000,pure,guided,0,2000,True,0.59,flag-unread,True,1748,1.0,78,0.04462242562929062,15.793572924245774,11.887380568537615,43.49903491701285,349.6,21.81043043438483,0.008791734162550925,0.002193396679524864,0.491362763915547,0.28491296242820596,
geo,rocker-arm,3000,mixed,off,0,3000,True,1.25,flag-unread,True,2492,1.0,53,0.02126805778491172,13.498516941919757,9.45647632922897,40.1683967003811,87.43859649122807,16.03937311607227,0.004172030884331959,0.0019151292116630478,0.9040307101727447,0.5868600239168861,
geo,rocker-arm,3000,mixed,guided,0,3000,True,1.28,flag-unread,True,2492,1.0,53,0.02126805778491172,13.498516941919757,9.45647632922897,40.1683967003811,87.43859649122807,16.03937311607227,0.004172030884331959,0.0019151292116630478,0.9040307101727447,0.5868600239168861,
geo,rocker-arm,3000,pure,off,0,3000,True,0.75,flag-unread,True,3022,1.0,112,0.03708609271523179,13.091325195568826,8.340520174005768,43.68691001763161,549.4545454545455,19.704749293977525,0.006559887986554099,0.0019081526280803748,0.6257197696737045,0.32398731797876834,
geo,rocker-arm,3000,pure,guided,0,3000,True,0.76,flag-unread,True,3022,1.0,112,0.03708609271523179,13.091325195568826,8.340520174005768,43.68691001763161,549.4545454545455,19.704749293977525,0.006559887986554099,0.0019081526280803748,0.6257197696737045,0.32398731797876834,
geo,rocker-arm,4500,mixed,off,0,4500,True,1.53,flag-unread,True,4038,0.9992576095025983,57,0.01409844175117487,13.175506981179732,8.736520347287232,40.911744810293804,269.2,13.151954283890118,0.003899843668077693,0.001735157003311735,0.9520153550863724,0.6003455498554694,
geo,rocker-arm,4500,mixed,guided,0,4500,True,1.57,flag-unread,True,4038,0.9992576095025983,57,0.01409844175117487,13.175506981179732,8.736520347287232,40.911744810293804,269.2,13.151954283890118,0.003899843668077693,0.001735157003311735,0.9520153550863724,0.6003455498554694,
geo,rocker-arm,4500,pure,off,0,4500,True,0.92,flag-unread,True,4026,1.0,95,0.023596621957277696,10.950395145582124,6.999905358912585,34.19225669672666,230.05714285714285,14.962674897705252,0.004106104565662565,0.0017056664796691254,0.7965451055662188,0.3330019683330662,
geo,rocker-arm,4500,pure,guided,0,4500,True,0.93,flag-unread,True,4026,1.0,95,0.023596621957277696,10.950395145582124,6.999905358912585,34.19225669672666,230.05714285714285,14.962674897705252,0.004106104565662565,0.0017056664796691254,0.7965451055662188,0.3330019683330662,
geo,rocker-arm,6000,mixed,off,0,6000,True,2.16,flag-unread,True,5085,0.9982332155477032,75,0.014711651628089448,12.774424669371822,8.223258832755796,40.93753299958626,119.6470588235294,12.124747290928228,0.00376648244812905,0.001658093383191752,0.9942418426103646,0.5965261380733635,
geo,rocker-arm,6000,mixed,guided,0,6000,True,2.14,flag-unread,True,5085,0.9982332155477032,75,0.014711651628089448,12.774424669371822,8.223258832755796,40.93753299958626,119.6470588235294,12.124747290928228,0.00376648244812905,0.001658093383191752,0.9942418426103646,0.5965261380733635,
geo,rocker-arm,6000,pure,off,0,6000,True,1.08,flag-unread,True,4906,1.0,54,0.0110069302894415,8.959320449317156,5.469136147338716,27.761187412499783,118.21686746987952,13.132171598048975,0.003880537217814361,0.0016441158555956115,0.8618042226487524,0.3365375469170829,
geo,rocker-arm,6000,pure,guided,0,6000,True,1.06,flag-unread,True,4906,1.0,54,0.0110069302894415,8.959320449317156,5.469136147338716,27.761187412499783,118.21686746987952,13.132171598048975,0.003880537217814361,0.0016441158555956115,0.8618042226487524,0.3365375469170829,
geo,cheburashka,500,mixed,off,0,500,True,0.82,flag-unread,True,810,0.8728448275862069,392,0.4500574052812859,30.907713142123438,29.973443113465315,63.31830179639405,9.585798816568047,48.93118490840329,0.01870028960613261,0.003897047573216144,0.8769633507853403,0.6112454160022864,
geo,cheburashka,500,mixed,guided,0,500,True,0.8,flag-unread,True,810,0.8728448275862069,392,0.4500574052812859,30.907713142123438,29.973443113465315,63.31830179639405,9.585798816568047,48.93118490840329,0.01870028960613261,0.003897047573216144,0.8769633507853403,0.6112454160022864,
geo,cheburashka,500,pure,off,0,500,True,0.68,flag-unread,True,1878,1.0,323,0.17180851063829788,36.7833051894653,23.22518901840185,89.99002460253789,197.68421052631578,39.174064016278166,0.023613530967652167,0.003267450737952011,0.8612565445026178,0.7011254184021538,
geo,cheburashka,500,pure,guided,0,500,True,0.69,flag-unread,True,1878,1.0,323,0.17180851063829788,36.7833051894653,23.22518901840185,89.99002460253789,197.68421052631578,39.174064016278166,0.023613530967652167,0.003267450737952011,0.8612565445026178,0.7011254184021538,
geo,cheburashka,1000,mixed,off,0,1000,True,0.89,flag-unread,True,1004,0.9304911955514366,315,0.2919369786839666,25.323355362218898,19.532138358389382,67.63691870483567,13.944444444444445,43.15326246323478,0.024004309346198856,0.004767254742301933,0.4882198952879581,0.6614074225803611,
geo,cheburashka,1000,mixed,guided,0,1000,True,0.87,flag-unread,True,1004,0.9304911955514366,315,0.2919369786839666,25.323355362218898,19.532138358389382,67.63691870483567,13.944444444444445,43.15326246323478,0.024004309346198856,0.004767254742301933,0.4882198952879581,0.6614074225803611,
geo,cheburashka,1000,pure,off,0,1000,True,0.67,flag-unread,True,2514,1.0,372,0.1478537360890302,28.96301696964,15.274496097337511,89.9849884050858,201.12,32.35672577524003,0.008425196277591572,0.0022787196519244816,0.8926701570680629,0.6392691428615302,
geo,cheburashka,1000,pure,guided,0,1000,True,0.72,flag-unread,True,2514,1.0,372,0.1478537360890302,28.96301696964,15.274496097337511,89.9849884050858,201.12,32.35672577524003,0.008425196277591572,0.0022787196519244816,0.8926701570680629,0.6392691428615302,
geo,cheburashka,1500,mixed,off,0,1500,True,1.24,flag-unread,True,1363,0.9524807826694619,353,0.2478932584269663,21.937425512692542,15.651825186020211,64.51798627374895,19.197183098591548,37.71887310130289,0.011137538665908478,0.003287795984964139,0.49345549738219896,0.6143994470148646,
geo,cheburashka,1500,mixed,guided,0,1500,True,1.24,flag-unread,True,1363,0.9524807826694619,353,0.2478932584269663,21.937425512692542,15.651825186020211,64.51798627374895,19.197183098591548,37.71887310130289,0.011137538665908478,0.003287795984964139,0.49345549738219896,0.6143994470148646,
geo,cheburashka,1500,pure,off,0,1500,True,0.79,flag-unread,True,3096,1.0,408,0.131697869593286,25.99409739601944,13.294140514777801,89.98166083000851,281.45454545454544,29.34410373804206,0.006740422141500653,0.002024141774065373,0.9109947643979057,0.6383970297983059,
geo,cheburashka,1500,pure,guided,0,1500,True,0.74,flag-unread,True,3096,1.0,408,0.131697869593286,25.99409739601944,13.294140514777801,89.98166083000851,281.45454545454544,29.34410373804206,0.006740422141500653,0.002024141774065373,0.9109947643979057,0.6383970297983059,
geo,cheburashka,2000,mixed,off,0,2000,True,1.2,flag-unread,True,1799,0.9708580679978414,290,0.15641855447680691,18.683699050252052,12.514270922668445,60.03364503552982,32.125,28.635982872955783,0.005813764474389753,0.0025011528327377026,0.6793193717277487,0.5786021848010028,
geo,cheburashka,2000,mixed,guided,0,2000,True,1.15,flag-unread,True,1799,0.9708580679978414,290,0.15641855447680691,18.683699050252052,12.514270922668445,60.03364503552982,32.125,28.635982872955783,0.005813764474389753,0.0025011528327377026,0.6793193717277487,0.5786021848010028,
geo,cheburashka,2000,pure,off,0,2000,True,0.91,flag-unread,True,3594,1.0,510,0.1418242491657397,23.064763733870624,11.805254132065947,89.76944845392259,231.8709677419355,28.023015105126063,0.006805022962882336,0.0019429115538967974,0.918848167539267,0.6197875413155548,
geo,cheburashka,2000,pure,guided,0,2000,True,0.89,flag-unread,True,3594,1.0,510,0.1418242491657397,23.064763733870624,11.805254132065947,89.76944845392259,231.8709677419355,28.023015105126063,0.006805022962882336,0.0019429115538967974,0.918848167539267,0.6197875413155548,
geo,cheburashka,3000,mixed,off,0,3000,True,0.96,flag-unread,True,3344,0.9858490566037735,274,0.08077830188679246,16.552277199021443,10.35517760331345,55.3888269679087,63.094339622641506,21.591272042247194,0.004450336116751213,0.001999419167431108,0.8455497382198953,0.572534788976254,
geo,cheburashka,3000,mixed,guided,0,3000,True,0.97,flag-unread,True,3344,0.9858490566037735,274,0.08077830188679246,16.552277199021443,10.35517760331345,55.3888269679087,63.094339622641506,21.591272042247194,0.004450336116751213,0.001999419167431108,0.8455497382198953,0.572534788976254,
geo,cheburashka,3000,pure,off,0,3000,True,0.76,flag-unread,True,2802,1.0,239,0.08526578665715305,23.834630953419968,16.603195124060086,77.00502951349435,1120.8,31.901099666557545,0.025705340674016974,0.0025533478604698474,0.6164921465968587,0.4438436229776271,
geo,cheburashka,3000,pure,guided,0,3000,True,0.78,flag-unread,True,2802,1.0,239,0.08526578665715305,23.834630953419968,16.603195124060086,77.00502951349435,1120.8,31.901099666557545,0.025705340674016974,0.0025533478604698474,0.6164921465968587,0.4438436229776271,
geo,cheburashka,4500,mixed,off,0,4500,True,1.09,flag-unread,True,4310,0.9903492647058824,230,0.05278861602019738,15.991665027467048,9.84857228556956,55.347897748253075,82.0952380952381,17.394597645174457,0.0035899318390689747,0.0017023045673324265,0.8965968586387435,0.5594103805439962,
geo,cheburashka,4500,mixed,guided,0,4500,True,1.12,flag-unread,True,4310,0.9903492647058824,230,0.05278861602019738,15.991665027467048,9.84857228556956,55.347897748253075,82.0952380952381,17.394597645174457,0.0035899318390689747,0.0017023045673324265,0.8965968586387435,0.5594103805439962,
geo,cheburashka,4500,pure,off,0,4500,True,1.14,flag-unread,True,4568,1.0,378,0.08271334792122538,23.18814084362149,14.868421891674878,75.72254876886261,652.5714285714286,32.63359906398388,0.013453737591088597,0.0019264369239430747,0.725130890052356,0.4420942472109945,
geo,cheburashka,4500,pure,guided,0,4500,True,1.12,flag-unread,True,4568,1.0,378,0.08271334792122538,23.18814084362149,14.868421891674878,75.72254876886261,652.5714285714286,32.63359906398388,0.013453737591088597,0.0019264369239430747,0.725130890052356,0.4420942472109945,
geo,cheburashka,6000,mixed,off,0,6000,True,1.31,flag-unread,True,4540,0.9921328671328671,200,0.04363001745200698,14.859197780471593,8.823444171031106,52.154107956608456,84.85981308411215,16.215951985132975,0.003770848143777885,0.0016579770669448706,0.8992146596858639,0.5674434957704779,
geo,cheburashka,6000,mixed,guided,0,6000,True,1.34,flag-unread,True,4540,0.9921328671328671,200,0.04363001745200698,14.859197780471593,8.823444171031106,52.154107956608456,84.85981308411215,16.215951985132975,0.003770848143777885,0.0016579770669448706,0.8992146596858639,0.5674434957704779,
geo,cheburashka,6000,pure,off,0,6000,True,1.5,flag-unread,True,5720,1.0,421,0.073665791776028,20.113847230544685,10.963580642866106,73.74808866431768,476.6666666666667,28.21113457311867,0.004482704613768723,0.001565628422509526,0.7735602094240838,0.3926115991800083,
geo,cheburashka,6000,pure,guided,0,6000,True,1.47,flag-unread,True,5720,1.0,421,0.073665791776028,20.113847230544685,10.963580642866106,73.74808866431768,476.6666666666667,28.21113457311867,0.004482704613768723,0.001565628422509526,0.7735602094240838,0.3926115991800083,
geo,cube,500,mixed,off,0,500,True,0.11,flag-unread,True,486,1.0,8,0.01639344262295082,1.2871749144968256,0.3879217748750392,6.175854054850513,36.0,10.470316821082774,0.005383835511827692,0.0022316108075178536,,0.04067596629123562,
geo,cube,500,mixed,guided,0,500,True,0.11,refused,True,486,1.0,8,0.01639344262295082,1.2871749144968256,0.3879217748750392,6.175854054850513,36.0,10.470316821082774,0.005383835511827692,0.0022316108075178536,,0.04067596629123562,
geo,cube,500,pure,off,0,500,True,0.1,flag-unread,True,482,1.0,41,0.08471074380165289,18.290568680295294,5.420534613849625,90.0,321.3333333333333,22.74313118917652,0.005782430132243883,0.002308205727330055,,0.3236628064336508,
geo,cube,500,pure,guided,0,500,True,0.1,refused,True,482,1.0,41,0.08471074380165289,18.290568680295294,5.420534613849625,90.0,321.3333333333333,22.74313118917652,0.005782430132243883,0.002308205727330055,,0.3236628064336508,
geo,cube,1000,mixed,off,0,1000,True,0.17,flag-unread,True,870,0.9931506849315068,33,0.03758542141230068,1.769273545209733,0.2952811995703897,5.798204146897652,44.61538461538461,8.765281960713697,0.005904418892194317,0.002314175366863708,,0.08638908513079574,
geo,cube,1000,mixed,guided,0,1000,True,0.16,refused,True,875,0.9954493742889647,24,0.02724177071509648,1.949628836543913,0.342107813988882,6.12420350317663,50.0,8.94458203030498,0.00553341528128283,0.0022552835798850045,,0.07012925961540767,
geo,cube,1000,pure,off,0,1000,True,0.11,flag-unread,True,864,1.0,8,0.009237875288683603,1.6497244050892181,0.3297030950790898,7.359409425704058,48.0,8.137177286046049,0.0054917589450686165,0.0022501080898972596,,0.058408545855390875,
geo,cube,1000,pure,guided,0,1000,True,0.12,refused,True,864,1.0,8,0.009237875288683603,1.6497244050892181,0.3297030950790898,7.359409425704058,48.0,8.137177286046049,0.0054917589450686165,0.0022501080898972596,,0.058408545855390875,
geo,cube,1500,mixed,off,0,1500,True,0.2,flag-unread,True,1350,1.0,8,0.005917159763313609,0.24523667260426743,0.053181219063766605,0.9301840516328246,60.0,6.109072086514272,0.005428938358823975,0.002238268848224114,,0.012632684861717685,
geo,cube,1500,mixed,guided,0,1500,True,0.23,refused,True,1350,1.0,8,0.005917159763313609,0.24523667260426743,0.053181219063766605,0.9301840516328246,60.0,6.109072086514272,0.005428938358823975,0.002238268848224114,,0.012632684861717685,
geo,cube,1500,pure,off,0,1500,True,0.13,flag-unread,True,1252,1.0,34,0.02713487629688747,5.8615332691443545,1.032415395545577,35.57587024982027,78.25,10.135399199371562,0.005410545000555546,0.0022412048013301326,,0.128420351318439,
geo,cube,1500,pure,guided,0,1500,True,0.13,refused,True,1252,1.0,34,0.02713487629688747,5.8615332691443545,1.032415395545577,35.57587024982027,78.25,10.135399199371562,0.005410545000555546,0.0022412048013301326,,0.128420351318439,
geo,cube,2000,mixed,off,0,2000,True,0.29,flag-unread,True,1734,1.0,8,0.004608294930875576,0.30484043398678645,0.07417220453471884,1.0328073989401219,68.0,5.427550198044053,0.005400742345768483,0.002232773836771967,,0.017419563327687695,
geo,cube,2000,mixed,guided,0,2000,True,0.3,refused,True,1734,1.0,8,0.004608294930875576,0.30484043398678645,0.07417220453471884,1.0328073989401219,68.0,5.427550198044053,0.005400742345768483,0.002232773836771967,,0.017419563327687695,
geo,cube,2000,pure,off,0,2000,True,0.18,flag-unread,True,1944,1.0,8,0.0041109969167523125,0.9998392364946377,0.28556446238574296,4.305672176145642,72.0,5.317424506075288,0.005401009382224247,0.0022344817022519766,,0.02687270520465014,
geo,cube,2000,pure,guided,0,2000,True,0.2,refused,True,1944,1.0,8,0.0041109969167523125,0.9998392364946377,0.28556446238574296,4.305672176145642,72.0,5.317424506075288,0.005401009382224247,0.0022344817022519766,,0.02687270520465014,
geo,cube,3000,mixed,off,0,3000,True,0.64,flag-unread,True,2646,1.0,8,0.0030211480362537764,0.3604695239058096,0.07150808423916288,1.3820400133271427,84.0,4.409383617074164,0.005380045666772729,0.002227005502903142,,0.019505065570667075,
geo,cube,3000,mixed,guided,0,3000,True,0.65,refused,True,2646,1.0,8,0.0030211480362537764,0.3604695239058096,0.07150808423916288,1.3820400133271427,84.0,4.409383617074164,0.005380045666772729,0.002227005502903142,,0.019505065570667075,
geo,cube,3000,pure,off,0,3000,True,0.21,flag-unread,True,2400,1.0,8,0.0033305578684429643,6.230917931519345e-06,0.0,0.0,80.0,4.500003868447103,0.005384986203330645,0.002230099553909057,,8.602324201764112e-07,
geo,cube,3000,pure,guided,0,3000,True,0.22,refused,True,2400,1.0,8,0.0033305578684429643,6.230917931519345e-06,0.0,0.0,80.0,4.500003868447103,0.005384986203330645,0.002230099553909057,,8.602324201764112e-07,
geo,cube,4500,mixed,off,0,4500,True,0.94,flag-unread,True,3754,0.9978734715576821,20,0.005312084993359893,0.4886496266703503,0.14339866697910253,1.159639263384232,93.85,3.7765646180996253,0.005400972758524838,0.0022328027007195144,,0.033722204684551595,
geo,cube,4500,mixed,guided,0,4500,True,0.96,refused,True,3754,0.9978734715576821,20,0.005312084993359893,0.4886496266703503,0.14339866697910253,1.159639263384232,93.85,3.7765646180996253,0.005400972758524838,0.0022328027007195144,,0.033722204684551595,
geo,cube,4500,pure,off,0,4500,True,0.34,flag-unread,True,4068,1.0,13,0.0031941031941031942,0.8531938016693768,0.25940145721539665,2.844375282719245,109.94594594594595,3.816933319070102,0.005369526459737701,0.0022315877529606085,,0.028105152526862423,
geo,cube,4500,pure,guided,0,4500,True,0.34,refused,True,4056,1.0,8,0.001971414489896501,0.6252015185017361,0.24225498383157884,2.7597587581638954,104.0,3.563714329234968,0.005384957113506037,0.002228396461904763,,0.011958058297246927,
geo,cube,6000,mixed,off,0,6000,True,1.24,flag-unread,True,5051,1.0,18,0.0035622402533148625,0.22565553040400607,0.04317685358650891,0.5647859504948357,118.84705882352941,3.2560787778954374,0.005378220035351708,0.0022349596038320294,,0.01882271171059041,
geo,cube,6000,mixed,guided,0,6000,True,1.11,refused,True,5051,1.0,18,0.0035622402533148625,0.22565553040400607,0.04317685358650891,0.5647859504948357,118.84705882352941,3.2560787778954374,0.005378220035351708,0.0022349596038320294,,0.01882271171059041,
geo,cube,6000,pure,off,0,6000,True,0.41,flag-unread,True,5400,1.0,8,0.001480932987782303,0.17922598976050022,0.05841161185777821,0.7143702828360133,120.0,3.0280131599023665,0.005392564925206493,0.002235753245151729,,0.004181373476102545,
geo,cube,6000,pure,guided,0,6000,True,0.4,refused,True,5400,1.0,8,0.001480932987782303,0.17922598976050022,0.05841161185777821,0.7143702828360133,120.0,3.0280131599023665,0.005392564925206493,0.002235753245151729,,0.004181373476102545,
geo,stanford-bunny,500,mixed,off,0,500,True,1.92,flag-unread,True,2271,0.9458558933777592,791,0.3320738874895046,27.662967409410584,27.018080194229395,54.026587296550524,20.276785714285715,37.83876799844046,0.007694709571666976,0.0020622024798240776,0.6678614097968937,0.326142745399885,
geo,stanford-bunny,500,mixed,guided,0,500,True,1.86,flag-unread,True,2271,0.9458558933777592,791,0.3320738874895046,27.662967409410584,27.018080194229395,54.026587296550524,20.276785714285715,37.83876799844046,0.007694709571666976,0.0020622024798240776,0.6678614097968937,0.326142745399885,
geo,stanford-bunny,500,pure,off,0,500,True,1.47,flag-unread,True,3172,1.0,380,0.11972274732199117,12.760737122961496,7.885357727296395,40.13262042622127,352.44444444444446,22.96569670567758,0.010132806491717394,0.0020538617270655208,0.5722819593787336,0.3637204223320028,
geo,stanford-bunny,500,pure,guided,0,500,True,1.46,flag-unread,True,3172,1.0,380,0.11972274732199117,12.760737122961496,7.885357727296395,40.13262042622127,352.44444444444446,22.96569670567758,0.010132806491717394,0.0020538617270655208,0.5722819593787336,0.3637204223320028,
geo,stanford-bunny,1000,mixed,off,0,1000,True,1.38,flag-unread,True,610,0.9486780715396579,136,0.22895622895622897,23.41304944224536,15.983282984230463,69.88388867713861,12.577319587628866,37.84363576700594,0.07763961402135752,0.006931198298870484,0.20430107526881722,0.5513398634142932,
geo,stanford-bunny,1000,mixed,guided,0,1000,True,1.35,flag-unread,True,610,0.9486780715396579,136,0.22895622895622897,23.41304944224536,15.983282984230463,69.88388867713861,12.577319587628866,37.84363576700594,0.07763961402135752,0.006931198298870484,0.20430107526881722,0.5513398634142932,
geo,stanford-bunny,1000,pure,off,0,1000,True,2.03,flag-unread,True,5568,1.0,555,0.09964093357271095,11.003582979217297,6.161632073439151,36.618667774632115,928.0,19.511081739563664,0.009645737388919051,0.0018724995171967105,0.6929510155316607,0.40817277755086406,
geo,stanford-bunny,1000,pure,guided,0,1000,True,2.06,flag-unread,True,5568,1.0,555,0.09964093357271095,11.003582979217297,6.161632073439151,36.618667774632115,928.0,19.511081739563664,0.009645737388919051,0.0018724995171967105,0.6929510155316607,0.40817277755086406,
geo,stanford-bunny,1500,mixed,off,0,1500,True,1.81,flag-unread,True,939,0.9523326572008114,247,0.2676056338028169,25.456162140133326,15.83977060497935,77.71456286530979,14.78740157480315,40.522826965689916,0.033452573081781505,0.004780954574721914,0.24731182795698925,0.6376129405163401,
geo,stanford-bunny,1500,mixed,guided,0,1500,True,1.81,flag-unread,True,939,0.9523326572008114,247,0.2676056338028169,25.456162140133326,15.83977060497935,77.71456286530979,14.78740157480315,40.522826965689916,0.033452573081781505,0.004780954574721914,0.24731182795698925,0.6376129405163401,
geo,stanford-bunny,1500,pure,off,0,1500,True,2.11,flag-unread,True,7802,1.0,768,0.09841107124551512,10.533255317956465,6.4988766878188144,33.84837159055349,1418.5454545454545,17.746093182816693,0.006868653514570411,0.0017378868559976644,0.8004778972520908,0.3962070580923941,
geo,stanford-bunny,1500,pure,guided,0,1500,True,2.08,flag-unread,True,7802,1.0,768,0.09841107124551512,10.533255317956465,6.4988766878188144,33.84837159055349,1418.5454545454545,17.746093182816693,0.006868653514570411,0.0017378868559976644,0.8004778972520908,0.3962070580923941,
geo,stanford-bunny,2000,mixed,off,0,2000,True,1.93,flag-unread,True,1757,0.964324917672887,374,0.20572057205720573,22.20732092771149,15.56846684970209,67.6978372542997,26.42105263157895,34.706261503896314,0.015013241223433095,0.0031971503476633687,0.5459976105137395,0.6237610321267888,
geo,stanford-bunny,2000,mixed,guided,0,2000,True,1.91,flag-unread,True,1757,0.964324917672887,374,0.20572057205720573,22.20732092771149,15.56846684970209,67.6978372542997,26.42105263157895,34.706261503896314,0.015013241223433095,0.0031971503476633687,0.5459976105137395,0.6237610321267888,
geo,stanford-bunny,2000,pure,off,0,2000,True,2.29,flag-unread,True,9562,1.0,921,0.09629861982434128,9.838581183600418,5.977508154515903,32.04435541376213,1274.9333333333334,17.214698980625137,0.006997158191490875,0.0017195607417673556,0.8614097968936678,0.4261748068287242,
geo,stanford-bunny,2000,pure,guided,0,2000,True,2.25,flag-unread,True,9562,1.0,921,0.09629861982434128,9.838581183600418,5.977508154515903,32.04435541376213,1274.9333333333334,17.214698980625137,0.006997158191490875,0.0017195607417673556,0.8614097968936678,0.4261748068287242,
geo,stanford-bunny,3000,mixed,off,0,3000,True,2.16,flag-unread,True,2696,0.9739884393063584,358,0.13161764705882353,20.5870384424341,13.868821181515884,64.43352276927523,32.67878787878788,26.969105235955926,0.007096769681186539,0.002384810790799286,0.8231780167264038,0.6077970085845062,
geo,stanford-bunny,3000,mixed,guided,0,3000,True,2.72,flag-unread,True,2696,0.9739884393063584,358,0.13161764705882353,20.5870384424341,13.868821181515884,64.43352276927523,32.67878787878788,26.969105235955926,0.007096769681186539,0.002384810790799286,0.8231780167264038,0.6077970085845062,
geo,stanford-bunny,3000,pure,off,0,3000,True,2.34,flag-unread,True,13066,1.0,1368,0.1046831955922865,9.873082521549874,6.352112810127409,30.99310010585654,3733.1428571428573,16.618333378878543,0.005481368132800886,0.001669968371292203,0.977299880525687,0.4376716819444731,
geo,stanford-bunny,3000,pure,guided,0,3000,True,2.41,flag-unread,True,13066,1.0,1368,0.1046831955922865,9.873082521549874,6.352112810127409,30.99310010585654,3733.1428571428573,16.618333378878543,0.005481368132800886,0.001669968371292203,0.977299880525687,0.4376716819444731,
geo,stanford-bunny,4500,mixed,off,0,4500,True,2.81,flag-unread,True,3895,0.9875760649087221,204,0.05172413793103448,17.003565376940127,11.698558875488288,52.46227512409733,66.58119658119658,17.21355147948108,0.004651169435675754,0.00199400642204551,0.965352449223417,0.5066737975412338,
geo,stanford-bunny,4500,mixed,guided,0,4500,True,2.84,flag-unread,True,3895,0.9875760649087221,204,0.05172413793103448,17.003565376940127,11.698558875488288,52.46227512409733,66.58119658119658,17.21355147948108,0.004651169435675754,0.00199400642204551,0.965352449223417,0.5066737975412338,
geo,stanford-bunny,4500,pure,off,0,4500,True,1.86,flag-unread,True,3481,1.0,212,0.06318926974664679,19.771709386156267,10.584505280140718,72.72574924867591,51.95522388059702,30.430825378460895,0.06589611320517465,0.003557018134590847,0.5244922341696535,0.3784315573444667,
geo,stanford-bunny,4500,pure,guided,0,4500,True,1.67,flag-unread,True,3481,1.0,212,0.06318926974664679,19.771709386156267,10.584505280140718,72.72574924867591,51.95522388059702,30.430825378460895,0.06589611320517465,0.003557018134590847,0.5244922341696535,0.3784315573444667,
geo,stanford-bunny,6000,mixed,off,0,6000,True,2.98,flag-unread,True,5229,0.9901533800416588,240,0.04544593826926718,16.634955548062305,11.204174729323583,52.610886677513506,93.375,15.325120276655241,0.004334178052273435,0.001858481304232956,1.0,0.5116687121762542,
geo,stanford-bunny,6000,mixed,guided,0,6000,True,2.97,flag-unread,True,5229,0.9901533800416588,240,0.04544593826926718,16.634955548062305,11.204174729323583,52.610886677513506,93.375,15.325120276655241,0.004334178052273435,0.001858481304232956,1.0,0.5116687121762542,
geo,stanford-bunny,6000,pure,off,0,6000,True,2.08,flag-unread,True,3937,1.0,294,0.07688284518828452,22.768308621331823,12.008467353493089,77.68952454630967,68.4695652173913,36.68629681732983,0.027854988990252866,0.002758447684489322,0.5232974910394266,0.4337777170266885,
geo,stanford-bunny,6000,pure,guided,0,6000,True,2.06,flag-unread,True,3937,1.0,294,0.07688284518828452,22.768308621331823,12.008467353493089,77.68952454630967,68.4695652173913,36.68629681732983,0.027854988990252866,0.002758447684489322,0.5232974910394266,0.4337777170266885,
nogeo,spot,500,mixed,off,0,500,True,0.11,flag-unread,True,421,0.967816091954023,37,0.08447488584474885,10.554067949379784,7.701856113290702,29.53310029860824,30.071428571428573,23.5787711774206,0.018576217151081598,0.006290851623686851,0.11627906976744186,0.18614696329076086,
nogeo,spot,500,mixed,guided,0,500,True,0.17,steered(injected=0),True,417,0.9608294930875576,40,0.09195402298850575,10.941383217622247,8.018504519161972,30.340346648945115,26.0625,24.16075677366146,0.018790353552565378,0.006302228419714633,0.25,0.1834253176864051,
nogeo,spot,500,pure,off,0,500,True,0.27,flag-unread,True,798,1.0,86,0.1075,11.196612426312623,8.50751924507778,30.4147080265957,228.0,24.986731545540703,0.022114544997465818,0.003707413567293677,0.45930232558139533,0.4472091462365469,
nogeo,spot,500,pure,guided,0,500,True,0.29,steered(injected=0),True,798,1.0,86,0.1075,11.196612426312623,8.50751924507778,30.4147080265957,228.0,24.986731545540703,0.022114544997465818,0.003707413567293677,0.45930232558139533,0.4472091462365469,
nogeo,spot,1000,mixed,off,0,1000,True,0.13,flag-unread,True,835,0.9788980070339977,43,0.050292397660818715,7.810609679407289,5.4528912735740676,22.310634211717513,45.13513513513514,18.499471496380213,0.011366123699544175,0.0040226063980730205,0.42441860465116277,0.13949424121628845,
nogeo,spot,1000,mixed,guided,0,1000,True,0.21,steered(injected=0),True,829,0.9764428739693758,35,0.041176470588235294,7.3994081188303245,5.0118697501431555,21.33988023797952,43.63157894736842,17.80823221828686,0.010629125688086829,0.00401947349746373,0.4418604651162791,0.14129393670267568,
nogeo,spot,1000,pure,off,0,1000,True,0.16,flag-unread,True,892,1.0,47,0.052572706935123045,11.119102847509236,7.935978934997003,31.457881129505843,223.0,20.79458241520602,0.015145196287344061,0.002572812777338118,0.43023255813953487,0.18737438690714975,
nogeo,spot,1000,pure,guided,0,1112,True,0.2,refused,False,930,1.0,48,0.05150214592274678,8.049736258090034,5.598820882989429,22.74407167109972,372.0,18.906004524685205,0.01545130028208427,0.0024850099680889665,0.46511627906976744,0.144443037113228,
nogeo,spot,1500,mixed,off,0,1500,True,0.17,flag-unread,True,1224,0.9760765550239234,24,0.019138755980861243,9.122401369930875,7.1171880202510565,23.94705270186495,42.206896551724135,14.886108773195323,0.009162359893752322,0.0034781428612721543,0.3953488372093023,0.16601821909880793,
nogeo,spot,1500,mixed,guided,0,1500,True,0.34,steered(injected=0),True,1203,0.9852579852579852,40,0.03276003276003276,9.261809404404126,7.266420490457513,24.334469176068904,70.76470588235294,15.957112660753186,0.009117880841356596,0.0034757189953824445,0.43023255813953487,0.17344948425373694,
nogeo,spot,1500,pure,off,0,1500,True,0.2,flag-unread,True,1296,1.0,54,0.04160246533127889,7.603897781183543,5.656573004163356,21.083057572264096,432.0,16.219087488692463,0.0071816477735276545,0.002048644551243458,0.42441860465116277,0.13339488694175036,
nogeo,spot,1500,pure,guided,0,1500,True,0.25,steered(injected=0),True,1298,1.0,55,0.04230769230769231,8.369507248955916,5.954200961707244,23.964998873885985,370.85714285714283,17.582357658238543,0.0073214498143011515,0.002053631559228433,0.3953488372093023,0.1551898306988175,
nogeo,spot,2000,mixed,off,0,2000,True,0.21,flag-unread,True,1664,0.985781990521327,28,0.016538688718251624,7.247854375206395,5.78317767586659,19.322117480696836,65.25490196078431,13.336393562649258,0.00845693471624408,0.0030673099188258794,0.4941860465116279,0.1427832281596395,
nogeo,spot,2000,mixed,guided,0,2000,True,0.38,steered(injected=0),True,1655,0.9857057772483622,26,0.015476190476190477,7.0954366429030475,5.464256779009673,19.151397974252745,67.55102040816327,13.35546113837757,0.008266777108848693,0.003052905681205902,0.5348837209302325,0.14499278906681615,
nogeo,spot,2000,pure,off,0,2000,True,0.22,flag-unread,True,1742,1.0,51,0.029243119266055047,8.164228516104519,6.27094990970064,22.105844779206972,1161.3333333333333,13.976774877586362,0.005975433437907986,0.001881113447627829,0.3488372093023256,0.14420795258172978,
nogeo,spot,2000,pure,guided,0,2000,True,0.28,steered(injected=0),True,1734,1.0,57,0.032834101382488476,8.333537308626605,6.310263857810291,23.602542264069033,385.3333333333333,14.423679315268025,0.005376300205127508,0.0018560149862321936,0.47093023255813954,0.14512214669679382,
nogeo,spot,3000,mixed,off,0,3000,True,0.25,flag-unread,True,2562,0.9922540666150271,24,0.009291521486643438,8.199485767147003,6.315236670163571,21.467462047429972,113.86666666666666,11.184193227642254,0.007134672268784443,0.002540913630774593,0.5697674418604651,0.16595705357774956,
nogeo,spot,3000,mixed,guided,0,3000,True,0.45,steered(injected=0),True,2548,0.9914396887159533,20,0.007785130400934216,8.22295909281978,6.363090667425965,21.564808442353744,108.42553191489361,11.197056338249162,0.007181910640708656,0.002533247786835873,0.5755813953488372,0.16795729560949485,
nogeo,spot,3000,pure,off,0,3000,True,0.28,flag-unread,True,2622,1.0,53,0.020198170731707318,6.775195795417425,5.077551844105429,17.73050676482636,1048.8,11.965440039489044,0.0041805004489298865,0.00167339404708333,0.686046511627907,0.12682687973063955,
nogeo,spot,3000,pure,guided,0,3000,True,0.34,steered(injected=0),True,2592,1.0,65,0.025057825751734774,6.699768130916695,4.6816510463854115,18.18647181336274,1296.0,12.485091752848092,0.00436445247694585,0.0016939835603367946,0.5988372093023255,0.1543445421917924,
nogeo,spot,4500,mixed,off,0,4500,True,0.36,flag-unread,True,3724,0.9935965848452508,35,0.009338313767342583,7.861880222200382,5.689486585394505,21.862808239739657,161.91304347826087,9.797229386298289,0.004834928193784294,0.002141518586247547,0.8081395348837209,0.17054770097353728,
nogeo,spot,4500,mixed,guided,0,4403,True,0.67,steered(injected=0),False,3631,0.9939775526964139,41,0.01121751025991792,8.481366943026014,5.755128288860021,24.458538829733385,165.04545454545453,10.09106057687752,0.004749394470949336,0.002148165617972084,0.6744186046511628,0.1796285326553926,
nogeo,spot,4500,pure,off,0,4500,True,0.32,flag-unread,True,3848,1.0,48,0.012467532467532468,7.2941461897846915,5.968758617203569,18.915248577592326,962.0,9.6934054252435,0.003757856998249002,0.0015843424850798661,0.7325581395348837,0.12027406738643934,
nogeo,spot,4500,pure,guided,0,4500,True,0.43,steered(injected=0),True,3886,1.0,51,0.013117283950617283,7.535781966163764,6.458533144520359,18.752335020034057,1110.2857142857142,9.635603814804163,0.0038190353074921265,0.0015828024706262013,0.6511627906976745,0.11857981352045416,
nogeo,spot,6000,mixed,off,0,6000,True,0.41,flag-unread,True,5038,0.9956521739130435,25,0.004940711462450593,6.570530216830257,5.071927593652475,18.042279541251453,239.9047619047619,8.235986057095465,0.004276891804261499,0.0019508964346822719,0.813953488372093,0.14080962362625216,
nogeo,spot,6000,mixed,guided,0,6000,True,0.87,steered(injected=0),True,5001,0.9956201473223173,26,0.0051751592356687895,6.653913587984629,5.028537472140314,18.218193544178693,232.6046511627907,8.259714120956566,0.004293870303287871,0.0019502107586269856,0.7906976744186046,0.14141804044968637,
nogeo,spot,6000,pure,off,0,6000,True,0.38,flag-unread,True,5012,1.0,54,0.010769844435580374,7.353077347010464,5.767318898326856,18.683464220092716,1670.6666666666667,8.705957443643234,0.003732565602815617,0.0015486891628844796,0.813953488372093,0.13090896761750304,
nogeo,spot,6000,pure,guided,0,7246,True,1.01,steered(injected=0),False,5246,1.0,508,0.09679878048780488,9.568752312055539,7.154142239923708,27.7206752781375,2098.4,16.894366266367694,0.003856612915041759,0.001670933344425749,0.9767441860465116,0.6878818628375243,
nogeo,fandisk,500,mixed,off,0,500,True,0.28,flag-unread,True,438,0.9776785714285714,44,0.09799554565701558,10.24774212903176,6.3422705262801955,28.024734528957836,41.714285714285715,25.95016463855112,0.011333675704992113,0.002461582575881041,0.7065839694656488,0.19936267518926318,
nogeo,fandisk,500,mixed,guided,0,500,True,0.25,refused,True,438,0.9776785714285714,44,0.09799554565701558,10.24774212903176,6.3422705262801955,28.024734528957836,41.714285714285715,25.95016463855112,0.011333675704992113,0.002461582575881041,0.7065839694656488,0.19936267518926318,
nogeo,fandisk,500,pure,off,0,500,True,0.3,flag-unread,True,420,1.0,36,0.08530805687203792,19.033266976509232,9.309700552131147,83.89571065435406,140.0,31.5957948737589,1.2415139635984245,0.08411815449653219,0.5405534351145038,1.9334259777094809,
nogeo,fandisk,500,pure,guided,0,500,True,0.3,refused,True,420,1.0,36,0.08530805687203792,19.033266976509232,9.309700552131147,83.89571065435406,140.0,31.5957948737589,1.2415139635984245,0.08411815449653219,0.5405534351145038,1.9334259777094809,
nogeo,fandisk,1000,mixed,off,0,1000,True,0.3,flag-unread,True,841,0.9790454016298021,58,0.06736353077816493,9.15156029658555,6.0285250249545115,28.189232228598552,46.72222222222222,19.770198330881993,0.007974847522476338,0.0020916315269667377,0.6884541984732825,0.18104815463645257,
nogeo,fandisk,1000,mixed,guided,0,1000,True,0.31,refused,True,841,0.9790454016298021,58,0.06736353077816493,9.15156029658555,6.0285250249545115,28.189232228598552,46.72222222222222,19.770198330881993,0.007974847522476338,0.0020916315269667377,0.6884541984732825,0.18104815463645257,
nogeo,fandisk,1000,pure,off,0,1000,True,0.32,flag-unread,True,956,1.0,37,0.038622129436325675,11.220058909886115,6.6876448613299715,35.063613965811385,159.33333333333334,19.32401643060594,0.01097102952727423,0.0021701646080580796,0.6712786259541985,0.22079875386071687,
nogeo,fandisk,1000,pure,guided,0,1000,True,0.32,refused,True,956,1.0,37,0.038622129436325675,11.220058909886115,6.6876448613299715,35.063613965811385,159.33333333333334,19.32401643060594,0.01097102952727423,0.0021701646080580796,0.6712786259541985,0.22079875386071687,
nogeo,fandisk,1500,mixed,off,0,1500,True,0.4,flag-unread,True,1255,0.9920948616600791,40,0.0315955766192733,6.838264021065207,4.681706680808148,19.059436898755955,125.5,15.254540074701564,0.006136597845423626,0.001901151878415566,0.7638358778625954,0.14379981983260245,
nogeo,fandisk,1500,mixed,guided,0,1500,True,0.4,refused,True,1255,0.9920948616600791,40,0.0315955766192733,6.838264021065207,4.681706680808148,19.059436898755955,125.5,15.254540074701564,0.006136597845423626,0.001901151878415566,0.7638358778625954,0.14379981983260245,
nogeo,fandisk,1500,pure,off,0,1500,True,0.34,flag-unread,True,1418,1.0,76,0.05352112676056338,15.8299851961771,9.110911741061031,69.22164532990811,315.1111111111111,22.54012051729564,0.010010892448082198,0.002031956203470871,0.6698473282442748,0.2491938187704045,
nogeo,fandisk,1500,pure,guided,0,1500,True,0.34,refused,True,1418,1.0,76,0.05352112676056338,15.8299851961771,9.110911741061031,69.22164532990811,315.1111111111111,22.54012051729564,0.010010892448082198,0.002031956203470871,0.6698473282442748,0.2491938187704045,
nogeo,fandisk,2000,mixed,off,0,2000,True,0.45,flag-unread,True,1701,0.9895287958115183,53,0.03077816492450639,7.789515768986945,5.620982810653679,19.93454295695231,87.23076923076923,12.934682278453216,0.0053374074050889665,0.0018260855081714629,0.7609732824427481,0.14836721583531173,
nogeo,fandisk,2000,mixed,guided,0,2000,True,0.45,refused,True,1701,0.9895287958115183,53,0.03077816492450639,7.789515768986945,5.620982810653679,19.93454295695231,87.23076923076923,12.934682278453216,0.0053374074050889665,0.0018260855081714629,0.7609732824427481,0.14836721583531173,
nogeo,fandisk,2000,pure,off,0,2000,True,0.37,flag-unread,True,1792,1.0,54,0.03011712214166202,11.102361763254782,6.049561133594153,37.15703240739608,448.0,14.850809465919314,0.007128910401992694,0.0018499825548069402,0.6960877862595419,0.1957757517206612,
nogeo,fandisk,2000,pure,guided,0,2000,True,0.37,refused,True,1792,1.0,54,0.03011712214166202,11.102361763254782,6.049561133594153,37.15703240739608,448.0,14.850809465919314,0.007128910401992694,0.0018499825548069402,0.6960877862595419,0.1957757517206612,
nogeo,fandisk,3000,mixed,off,0,3000,True,0.54,flag-unread,True,2492,0.994413407821229,39,0.015537848605577689,6.808465882306731,5.254178254627114,17.223208115691243,146.58823529411765,10.567511300701554,0.00453715373649968,0.001738290915146631,0.8048664122137404,0.1249273273971853,
nogeo,fandisk,3000,mixed,guided,0,3000,True,0.56,refused,True,2492,0.994413407821229,39,0.015537848605577689,6.808465882306731,5.254178254627114,17.223208115691243,146.58823529411765,10.567511300701554,0.00453715373649968,0.001738290915146631,0.8048664122137404,0.1249273273971853,
nogeo,fandisk,3000,pure,off,0,3000,True,0.42,flag-unread,True,2586,1.0,54,0.02088167053364269,10.171759189343032,6.389696152662786,30.554945992170296,738.8571428571429,13.475001280032766,0.006090208631883663,0.001790794939504225,0.7232824427480916,0.2141966943794394,
nogeo,fandisk,3000,pure,guided,0,3000,True,0.42,refused,True,2586,1.0,54,0.02088167053364269,10.171759189343032,6.389696152662786,30.554945992170296,738.8571428571429,13.475001280032766,0.006090208631883663,0.001790794939504225,0.7232824427480916,0.2141966943794394,
nogeo,fandisk,4500,mixed,off,0,4500,True,0.71,flag-unread,True,3798,0.9971121029141506,40,0.010582010582010581,6.402197179254891,3.8665533856354415,18.058878992653938,146.07692307692307,8.564866801688856,0.004165761006483813,0.0016879414766481238,0.8520992366412213,0.1235881302630026,
nogeo,fandisk,4500,mixed,guided,0,4500,True,0.7,refused,True,3798,0.9971121029141506,40,0.010582010582010581,6.402197179254891,3.8665533856354415,18.058878992653938,146.07692307692307,8.564866801688856,0.004165761006483813,0.0016879414766481238,0.8520992366412213,0.1235881302630026,
nogeo,fandisk,4500,pure,off,0,4500,True,0.47,flag-unread,True,3780,1.0,54,0.014278159703860392,7.0418055986715204,3.4730606516662874,22.160250682838644,315.0,10.347949312467687,0.004683564971904921,0.0017035719573356635,0.7805343511450382,0.1651162787597242,
nogeo,fandisk,4500,pure,guided,0,4500,True,0.48,refused,True,3780,1.0,54,0.014278159703860392,7.0418055986715204,3.4730606516662874,22.160250682838644,315.0,10.347949312467687,0.004683564971904921,0.0017035719573356635,0.7805343511450382,0.1651162787597242,
nogeo,fandisk,6000,mixed,off,0,6000,True,0.84,flag-unread,True,5033,0.9984130132910137,49,0.009720293592541162,6.824322611400738,4.744545753942361,17.866990861204524,719.0,7.945020745295316,0.004025410641563311,0.0016580688600366896,0.8926526717557252,0.1565759721042119,
nogeo,fandisk,6000,mixed,guided,0,6000,True,0.85,tmesh-only(injected=0),True,5033,0.9984130132910137,49,0.009720293592541162,6.824322611400738,4.744545753942361,17.866990861204524,719.0,7.945020745295316,0.004025410641563311,0.0016580688600366896,0.8926526717557252,0.1565759721042119,
nogeo,fandisk,6000,pure,off,0,6000,True,0.63,flag-unread,True,5058,1.0,50,0.009881422924901186,6.208829375900744,4.259616023312532,16.494085255581318,2023.2,8.249555521502904,0.004411651453919571,0.0016807884183177482,0.7934160305343512,0.12797178431158512,
nogeo,fandisk,6000,pure,guided,0,6000,True,0.63,refused,True,5058,1.0,50,0.009881422924901186,6.208829375900744,4.259616023312532,16.494085255581318,2023.2,8.249555521502904,0.004411651453919571,0.0016807884183177482,0.7934160305343512,0.12797178431158512,
nogeo,rocker-arm,500,mixed,off,0,500,True,0.57,flag-unread,True,453,0.9700214132762313,48,0.1016949152542373,19.020509151380534,14.576147330857196,54.22648928740872,25.166666666666668,31.326926028191508,0.02499956019592738,0.005556162179962006,0.19961612284069097,0.46696143703860865,
nogeo,rocker-arm,500,mixed,guided,0,500,True,0.61,refused,True,453,0.9700214132762313,48,0.1016949152542373,19.020509151380534,14.576147330857196,54.22648928740872,25.166666666666668,31.326926028191508,0.02499956019592738,0.005556162179962006,0.19961612284069097,0.46696143703860865,
nogeo,rocker-arm,500,pure,off,0,500,True,0.92,flag-unread,True,1998,1.0,185,0.09259259259259259,11.277845160670346,7.458772171102325,31.993769938561716,1332.0,22.636496707498495,0.007630790305140783,0.0021596213238150898,0.6333973128598849,0.3334958074607237,
nogeo,rocker-arm,500,pure,guided,0,500,True,0.99,refused,True,1998,1.0,185,0.09259259259259259,11.277845160670346,7.458772171102325,31.993769938561716,1332.0,22.636496707498495,0.007630790305140783,0.0021596213238150898,0.6333973128598849,0.3334958074607237,
nogeo,rocker-arm,1000,mixed,off,0,1000,True,0.55,flag-unread,True,767,0.9434194341943419,80,0.09791921664626684,21.51009908219231,15.939936614149133,59.34853917633503,17.431818181818183,28.482889696454272,0.024186396826177483,0.004763609640611855,0.4126679462571977,0.5531626943564523,
nogeo,rocker-arm,1000,mixed,guided,0,1000,True,0.61,refused,True,767,0.9434194341943419,80,0.09791921664626684,21.51009908219231,15.939936614149133,59.34853917633503,17.431818181818183,28.482889696454272,0.024186396826177483,0.004763609640611855,0.4126679462571977,0.5531626943564523,
nogeo,rocker-arm,1000,pure,off,0,1000,True,0.57,flag-unread,True,1162,1.0,54,0.04647160068846816,18.874210365782123,14.656731958049967,52.47636673433543,332.0,26.884875044011054,0.0601608469855182,0.0058392979551936215,0.3416506717850288,0.48209473410463305,
nogeo,rocker-arm,1000,pure,guided,0,1248,True,1.09,steered(injected=0),False,980,1.0,49,0.05,17.67444893766987,13.538752562034162,47.71324186656503,980.0,25.059585627880274,0.0283274732968057,0.004381822434517895,0.2763915547024952,0.4625496675017813,
nogeo,rocker-arm,1500,mixed,off,0,1500,True,0.64,flag-unread,True,1355,0.9783393501805054,65,0.0468299711815562,13.49975361733902,10.36566236834581,36.18140876861036,44.42622950819672,19.24058848211718,0.010503153858023721,0.0027371037806962558,0.4836852207293666,0.28526167927344126,
nogeo,rocker-arm,1500,mixed,guided,0,1500,True,0.67,refused,True,1355,0.9783393501805054,65,0.0468299711815562,13.49975361733902,10.36566236834581,36.18140876861036,44.42622950819672,19.24058848211718,0.010503153858023721,0.0027371037806962558,0.4836852207293666,0.28526167927344126,
nogeo,rocker-arm,1500,pure,off,0,1500,True,0.73,flag-unread,True,1250,1.0,40,0.032,9.913008612492415,7.987614973285005,25.56220119520597,833.3333333333334,20.130034215774828,0.01467693155998198,0.002692422468405967,0.3838771593090211,0.21019857437106695,
nogeo,rocker-arm,1500,pure,guided,0,1500,True,1.13,steered(injected=0),True,1228,1.0,50,0.04071661237785016,11.431069997104004,8.785453665132373,30.21432164435482,1228.0,21.353528945929448,0.01191295157516832,0.0026019667326548424,0.3685220729366603,0.19813354614161008,
nogeo,rocker-arm,2000,mixed,off,0,2000,True,0.8,flag-unread,True,1613,0.9775757575757575,71,0.042874396135265704,20.73222575764365,15.908761081775275,53.45124968770171,43.013333333333335,20.82866871360489,0.014237347639722973,0.0031074176152753982,0.527831094049904,0.4945616230919942,
nogeo,rocker-arm,2000,mixed,guided,0,2207,True,1.86,steered(injected=0),True,1608,0.9745454545454545,101,0.06117504542701393,20.984854800644722,16.602782700814558,53.50438586082921,40.2,20.95537801508693,0.014452592198114214,0.002861396851930035,0.5950095969289827,0.4242312693399046,
nogeo,rocker-arm,2000,pure,off,0,2000,True,0.74,flag-unread,True,1878,1.0,62,0.03301384451544196,13.77907241439397,10.650027588079084,36.05091804292268,417.3333333333333,19.685368614642694,0.015606450453448103,0.0024935151803584413,0.42226487523992323,0.34189900522041844,
nogeo,rocker-arm,2000,pure,guided,0,2000,True,0.76,refused,True,1878,1.0,62,0.03301384451544196,13.77907241439397,10.650027588079084,36.05091804292268,417.3333333333333,19.685368614642694,0.015606450453448103,0.0024935151803584413,0.42226487523992323,0.34189900522041844,
nogeo,rocker-arm,3000,mixed,off,0,3000,True,0.8,flag-unread,True,2621,0.9875659382064808,93,0.03512084592145015,17.910339166383988,14.339553902459834,48.94352848719873,91.96491228070175,16.633241364612147,0.012576428159127084,0.0025465293639831753,0.5777351247600768,0.4495180475377316,
nogeo,rocker-arm,3000,mixed,guided,0,3000,True,0.9,refused,True,2621,0.9875659382064808,93,0.03512084592145015,17.910339166383988,14.339553902459834,48.94352848719873,91.96491228070175,16.633241364612147,0.012576428159127084,0.0025465293639831753,0.5777351247600768,0.4495180475377316,
nogeo,rocker-arm,3000,pure,off,0,3000,True,0.62,flag-unread,True,2594,1.0,113,0.043578866178172,17.475094870731002,14.518260418437563,42.994922418628626,1037.6,19.938008497046027,0.020700114543147508,0.002627155131747824,0.6890595009596929,0.3759201788443912,
nogeo,rocker-arm,3000,pure,guided,0,2821,True,0.7,refused,False,2812,1.0,85,0.03023834934187122,13.555147276323927,11.07218559603362,34.40018843697335,937.3333333333334,16.491468522757632,0.005639922958989762,0.001891096563443705,0.6142034548944337,0.2417261232959297,
nogeo,rocker-arm,4500,mixed,off,0,4500,True,0.96,flag-unread,True,3786,0.9900627615062761,64,0.01674077949254512,13.45210142145492,10.172417945694825,37.40497887405234,103.72602739726027,13.051312868216797,0.005026390507583679,0.0019563958525530187,0.761996161228407,0.27444125249248624,
nogeo,rocker-arm,4500,mixed,guided,0,4165,True,8.45,steered(injected=0),False,3355,0.9914302600472813,102,0.030115146147032774,16.05471846974056,11.57072062725586,48.61802043979241,111.83333333333333,14.841538325487882,0.017596324124527815,0.0026563962163791764,0.6161228406909789,0.6688267511317469,
nogeo,rocker-arm,4500,pure,off,0,4500,True,0.73,flag-unread,True,3944,1.0,93,0.023580121703853957,13.98514230040826,9.978031694593028,41.75106657190301,788.8,14.960906908235952,0.01488245284446817,0.0022629323796323794,0.727447216890595,0.4109310327773645,
nogeo,rocker-arm,4500,pure,guided,0,4898,True,0.87,refused,True,4014,1.0,103,0.02566018933731938,15.052741628238719,10.474220155488595,44.45127664541517,617.5384615384615,16.55357849623811,0.019953373747466554,0.002656571571186127,0.7658349328214972,0.4904779132518809,
nogeo,rocker-arm,6000,mixed,off,0,6000,True,1.06,flag-unread,True,5643,0.9943612334801762,74,0.013032758013384995,16.217904630636948,11.961522324983505,44.764344907525924,179.14285714285714,11.457322837776383,0.006804302315059796,0.0019555142445280543,0.8253358925143954,0.37532780608584104,
nogeo,rocker-arm,6000,mixed,guided,0,6120,True,8.86,steered(injected=0),False,4292,0.9923699421965317,94,0.021714021714021713,16.167005554118102,11.479180831792384,47.43237362199354,130.06060606060606,13.282009662405585,0.013127409197740475,0.0023571601577497005,0.783109404990403,0.5906246538976145,
nogeo,rocker-arm,6000,pure,off,0,6000,True,0.86,flag-unread,True,5546,1.0,95,0.01712946267580238,9.869761319384816,7.12572789246952,25.840488644840846,1584.5714285714287,11.168316021725088,0.004050469164556878,0.001670397831289669,0.8099808061420346,0.20100197821884636,
nogeo,rocker-arm,6000,pure,guided,0,6000,True,0.95,refused,True,5546,1.0,95,0.01712946267580238,9.869761319384816,7.12572789246952,25.840488644840846,1584.5714285714287,11.168316021725088,0.004050469164556878,0.001670397831289669,0.8099808061420346,0.20100197821884636,
nogeo,cheburashka,500,mixed,off,0,500,True,0.28,flag-unread,True,412,0.958139534883721,70,0.16203703703703703,13.51951028335862,8.82527299933328,45.87809420895135,22.88888888888889,33.7942514970869,0.017969276634632783,0.005571173886654578,0.5510471204188482,0.27762891598530587,
nogeo,cheburashka,500,mixed,guided,0,500,True,0.32,refused,True,412,0.958139534883721,70,0.16203703703703703,13.51951028335862,8.82527299933328,45.87809420895135,22.88888888888889,33.7942514970869,0.017969276634632783,0.005571173886654578,0.5510471204188482,0.27762891598530587,
nogeo,cheburashka,500,pure,off,0,500,True,0.54,flag-unread,True,1878,1.0,323,0.17180851063829788,36.7833051894653,23.22518901840185,89.99002460253789,197.68421052631578,39.174064016278166,0.023613530967652167,0.003267450737952011,0.8612565445026178,0.7011254184021538,
nogeo,cheburashka,500,pure,guided,0,500,True,0.57,refused,True,1878,1.0,323,0.17180851063829788,36.7833051894653,23.22518901840185,89.99002460253789,197.68421052631578,39.174064016278166,0.023613530967652167,0.003267450737952011,0.8612565445026178,0.7011254184021538,
nogeo,cheburashka,1000,mixed,off,0,1000,True,0.34,flag-unread,True,813,0.9598583234946871,68,0.08056872037914692,10.5513606549693,6.930978176404615,33.49580004773984,25.015384615384615,24.47600659576938,0.011204655479817251,0.0037816691210398263,0.6099476439790575,0.22483912799656458,
nogeo,cheburashka,1000,mixed,guided,0,967,True,0.31,tmesh-only(injected=0),True,797,0.9590854392298436,63,0.07581227436823104,10.430126879504002,7.31145334657986,30.826836959563835,24.523076923076925,24.054105188017015,0.014899103397602875,0.003936845740045375,0.5471204188481675,0.22142871456805668,
nogeo,cheburashka,1000,pure,off,0,1000,True,0.54,flag-unread,True,904,1.0,58,0.06408839779005525,15.668636931705974,9.015866340757107,69.69010547330664,226.0,28.712578148874652,0.02273189092899762,0.0030399716891809066,0.6649214659685864,0.3053795481967548,
nogeo,cheburashka,1000,pure,guided,0,1006,True,1.11,steered(injected=0),False,2504,1.0,383,0.15283320031923384,31.80613616343909,16.684990865019877,89.98914875381841,227.63636363636363,32.581187884181475,0.009268064553291898,0.0023245751109391283,0.8926701570680629,0.6513351134115605,
nogeo,cheburashka,1500,mixed,off,0,1500,True,0.39,flag-unread,True,1283,0.970499243570348,81,0.06141015921152388,9.162328328834421,6.309619566573048,25.987133458069824,34.21333333333333,19.931256039590984,0.007801992156563097,0.0029239349480475515,0.7107329842931938,0.18005258571797328,
nogeo,cheburashka,1500,mixed,guided,0,1500,True,0.45,refused,True,1283,0.970499243570348,81,0.06141015921152388,9.162328328834421,6.309619566573048,25.987133458069824,34.21333333333333,19.931256039590984,0.007801992156563097,0.0029239349480475515,0.7107329842931938,0.18005258571797328,
nogeo,cheburashka,1500,pure,off,0,1500,True,0.48,flag-unread,True,1326,1.0,67,0.050451807228915665,11.427026974420698,6.887835314262475,42.13046766280811,241.0909090909091,22.410046931200505,0.013715478869964522,0.0023693350748289726,0.6714659685863874,0.22929147001322545,
nogeo,cheburashka,1500,pure,guided,0,1484,True,0.7,steered(injected=0),False,1388,1.0,71,0.051115910727141826,13.08337944475615,6.845047601468622,58.60661730089708,138.8,24.068550160058336,0.015397174235230808,0.002340116230418582,0.7028795811518325,0.2695151049541168,
nogeo,cheburashka,2000,mixed,off,0,2000,True,0.46,flag-unread,True,1665,0.9759671746776084,103,0.060481503229594835,9.328107200902068,6.728374385192197,25.702810735414776,42.151898734177216,18.222083606631355,0.006981769553211665,0.0026311903501881726,0.7290575916230366,0.18039964627124982,
nogeo,cheburashka,2000,mixed,guided,0,2000,True,0.5,refused,True,1665,0.9759671746776084,103,0.060481503229594835,9.328107200902068,6.728374385192197,25.702810735414776,42.151898734177216,18.222083606631355,0.006981769553211665,0.0026311903501881726,0.7290575916230366,0.18039964627124982,
nogeo,cheburashka,2000,pure,off,0,2000,True,0.38,flag-unread,True,1720,1.0,88,0.05110336817653891,13.4939795216739,7.707512497128846,59.29698006369807,860.0,21.956305025518255,0.011014583290108581,0.0020349021140326066,0.7068062827225131,0.2595704941058659,
nogeo,cheburashka,2000,pure,guided,0,2000,True,0.42,refused,True,1720,1.0,88,0.05110336817653891,13.4939795216739,7.707512497128846,59.29698006369807,860.0,21.956305025518255,0.011014583290108581,0.0020349021140326066,0.7068062827225131,0.2595704941058659,
nogeo,cheburashka,3000,mixed,off,0,3000,True,0.59,flag-unread,True,2475,0.9864487843762455,81,0.03229665071770335,8.125289901402471,5.960608962841675,22.87462511650428,71.73913043478261,15.180017082921358,0.005197665893795214,0.002202397628063844,0.768324607329843,0.17102472719330367,
nogeo,cheburashka,3000,mixed,guided,0,3000,True,1.78,steered(injected=0),True,2472,0.9868263473053892,88,0.03510171519744715,8.071724282396229,5.710996481850145,23.302909965401476,77.25,15.173533904290114,0.00520157026487171,0.0022057033916321653,0.7696335078534031,0.16822786116628002,
nogeo,cheburashka,3000,pure,off,0,3000,True,0.44,flag-unread,True,2722,1.0,132,0.04847594564818215,11.51090099972698,6.383523072714311,47.62129584332337,362.93333333333334,19.42255840921449,0.005832253223816789,0.0017118177388301436,0.7146596858638743,0.22143633925981251,
nogeo,cheburashka,3000,pure,guided,0,3000,True,0.49,refused,True,2722,1.0,132,0.04847594564818215,11.51090099972698,6.383523072714311,47.62129584332337,362.93333333333334,19.42255840921449,0.005832253223816789,0.0017118177388301436,0.7146596858638743,0.22143633925981251,
nogeo,cheburashka,4500,mixed,off,0,4500,True,0.75,flag-unread,True,3726,0.9888535031847133,99,0.02628086010087603,8.350724408199284,5.827390451755406,23.087258515926305,99.36,13.00753110855108,0.003899961296584405,0.001889490736997808,0.824607329842932,0.17274533793399655,
nogeo,cheburashka,4500,mixed,guided,0,4500,True,0.78,refused,True,3726,0.9888535031847133,99,0.02628086010087603,8.350724408199284,5.827390451755406,23.087258515926305,99.36,13.00753110855108,0.003899961296584405,0.001889490736997808,0.824607329842932,0.17274533793399655,
nogeo,cheburashka,4500,pure,off,0,4500,True,0.51,flag-unread,True,3800,1.0,99,0.026038926880589165,8.96466740407004,5.554818026977905,25.927246922706903,542.8571428571429,14.793565131598251,0.003706798606938274,0.0015306456423512687,0.824607329842932,0.18112374011657148,
nogeo,cheburashka,4500,pure,guided,0,4500,True,0.57,refused,True,3800,1.0,99,0.026038926880589165,8.96466740407004,5.554818026977905,25.927246922706903,542.8571428571429,14.793565131598251,0.003706798606938274,0.0015306456423512687,0.824607329842932,0.18112374011657148,
nogeo,cheburashka,6000,mixed,off,0,6000,True,0.81,flag-unread,True,4939,0.9939625679211109,122,0.024567055980668547,9.165239986703016,6.731969030870964,23.862621385373888,179.6,11.57920217709704,0.003665951064479395,0.0017396419014488907,0.8887434554973822,0.20087631067391293,
nogeo,cheburashka,6000,mixed,guided,0,6000,True,0.83,refused,True,4939,0.9939625679211109,122,0.024567055980668547,9.165239986703016,6.731969030870964,23.862621385373888,179.6,11.57920217709704,0.003665951064479395,0.0017396419014488907,0.8887434554973822,0.20087631067391293,
nogeo,cheburashka,6000,pure,off,0,6000,True,0.61,flag-unread,True,5280,1.0,120,0.02272296913463359,8.687254293076125,5.8847086489521985,25.24324345331401,754.2857142857143,12.70463624374645,0.0035722923177219867,0.0014775354686738303,0.8691099476439791,0.20962129516039424,
nogeo,cheburashka,6000,pure,guided,0,6000,True,0.72,refused,True,5280,1.0,120,0.02272296913463359,8.687254293076125,5.8847086489521985,25.24324345331401,754.2857142857143,12.70463624374645,0.0035722923177219867,0.0014775354686738303,0.8691099476439791,0.20962129516039424,
nogeo,cube,500,mixed,off,0,500,True,0.07,flag-unread,True,486,1.0,8,0.01639344262295082,1.28717440542991,0.3876649806697259,6.175854054850513,36.0,10.47031735055576,0.005412364163363926,0.0022315800014447227,,0.04067596398612398,
nogeo,cube,500,mixed,guided,0,500,True,0.06,refused,True,486,1.0,8,0.01639344262295082,1.28717440542991,0.3876649806697259,6.175854054850513,36.0,10.47031735055576,0.005412364163363926,0.0022315800014447227,,0.04067596398612398,
nogeo,cube,500,pure,off,0,500,True,0.09,flag-unread,True,482,1.0,41,0.08471074380165289,18.246202173323574,5.429474842175743,90.0,321.3333333333333,23.000245300877523,0.005745910864947464,0.0023053024067313833,,0.32458230999133286,
nogeo,cube,500,pure,guided,0,500,True,0.1,refused,True,482,1.0,41,0.08471074380165289,18.246202173323574,5.429474842175743,90.0,321.3333333333333,23.000245300877523,0.005745910864947464,0.0023053024067313833,,0.32458230999133286,
nogeo,cube,1000,mixed,off,0,1000,True,0.09,flag-unread,True,870,0.9931506849315068,33,0.03758542141230068,1.7692743976491754,0.2952811995703897,5.798204146897652,44.61538461538461,8.76528102927382,0.005904418892194317,0.002314197966572259,,0.08638908366289383,
nogeo,cube,1000,mixed,guided,0,1000,True,0.09,refused,True,870,0.9931506849315068,26,0.029612756264236904,1.727700372386095,0.33759648386143937,5.557141100180685,45.78947368421053,8.559394049820353,0.005770974695475322,0.00230392899088388,,0.07256814322370608,
nogeo,cube,1000,pure,off,0,1000,True,0.09,flag-unread,True,864,1.0,8,0.009237875288683603,1.649725070287825,0.3297030950790898,7.35941740764904,48.0,8.13717326814663,0.005474469490598314,0.002244808620554945,,0.05840855663590567,
nogeo,cube,1000,pure,guided,0,1000,True,0.09,refused,True,864,1.0,8,0.009237875288683603,1.649725070287825,0.3297030950790898,7.35941740764904,48.0,8.13717326814663,0.005474469490598314,0.002244808620554945,,0.05840855663590567,
nogeo,cube,1500,mixed,off,0,1500,True,0.13,flag-unread,True,1350,1.0,8,0.005917159763313609,0.24523698942451744,0.05320718518618861,0.9301840516328246,60.0,6.109071845803112,0.0054272602010283786,0.0022346998230088223,,0.012632681524736362,
nogeo,cube,1500,mixed,guided,0,1500,True,0.11,refused,True,1350,1.0,8,0.005917159763313609,0.24523698942451744,0.05320718518618861,0.9301840516328246,60.0,6.109071845803112,0.0054272602010283786,0.0022346998230088223,,0.012632681524736362,
nogeo,cube,1500,pure,off,0,1500,True,0.11,flag-unread,True,1368,1.0,31,0.02266081871345029,5.903114900327494,0.6627310215437916,40.48094293376877,80.47058823529412,10.139079513810744,0.005431111571695987,0.0022398339759428323,,0.14452783072293202,
nogeo,cube,1500,pure,guided,0,1500,True,0.12,refused,True,1368,1.0,31,0.02266081871345029,5.903114900327494,0.6627310215437916,40.48094293376877,80.47058823529412,10.139079513810744,0.005431111571695987,0.0022398339759428323,,0.14452783072293202,
nogeo,cube,2000,mixed,off,0,2000,True,0.17,flag-unread,True,1734,1.0,8,0.004608294930875576,0.30484015975477824,0.07417220453471884,1.0328073989401219,68.0,5.427551268174396,0.005404169309303264,0.0022322750679109214,,0.01741957778367618,
nogeo,cube,2000,mixed,guided,0,2000,True,0.16,refused,True,1734,1.0,8,0.004608294930875576,0.30484015975477824,0.07417220453471884,1.0328073989401219,68.0,5.427551268174396,0.005404169309303264,0.0022322750679109214,,0.01741957778367618,
nogeo,cube,2000,pure,off,0,2000,True,0.14,flag-unread,True,1944,1.0,8,0.0041109969167523125,0.999839299233899,0.28556446238574296,4.305672176145642,72.0,5.317423737920949,0.00539139050599315,0.0022303095156067177,,0.026872705695619437,
nogeo,cube,2000,pure,guided,0,2000,True,0.14,refused,True,1944,1.0,8,0.0041109969167523125,0.999839299233899,0.28556446238574296,4.305672176145642,72.0,5.317423737920949,0.00539139050599315,0.0022303095156067177,,0.026872705695619437,
nogeo,cube,3000,mixed,off,0,3000,True,0.32,flag-unread,True,2646,1.0,8,0.0030211480362537764,0.2930233964646195,0.04766845162792066,1.0799355424982053,84.0,4.398039012709903,0.005388763596084454,0.00223366901007843,,0.01437638021511378,
nogeo,cube,3000,mixed,guided,0,3000,True,0.32,refused,True,2646,1.0,8,0.0030211480362537764,0.2930233964646195,0.04766845162792066,1.0799355424982053,84.0,4.398039012709903,0.005388763596084454,0.00223366901007843,,0.01437638021511378,
nogeo,cube,3000,pure,off,0,3000,True,0.15,flag-unread,True,2400,1.0,8,0.0033305578684429643,8.140778012366567e-06,0.0,0.0,80.0,4.500004919305749,0.005396446673587608,0.002227693362895572,,1.0368218924946282e-06,
nogeo,cube,3000,pure,guided,0,3000,True,0.15,refused,True,2400,1.0,8,0.0033305578684429643,8.140778012366567e-06,0.0,0.0,80.0,4.500004919305749,0.005396446673587608,0.002227693362895572,,1.0368218924946282e-06,
nogeo,cube,4500,mixed,off,0,4500,True,0.46,flag-unread,True,3754,0.9978734715576821,20,0.005312084993359893,0.4886486146435959,0.14341004746641062,1.159639263384232,93.85,3.7765664293884154,0.005382760923107707,0.002225378950746297,,0.033722196548930904,
nogeo,cube,4500,mixed,guided,0,4500,True,0.42,refused,True,3754,0.9978734715576821,20,0.005312084993359893,0.4886486146435959,0.14341004746641062,1.159639263384232,93.85,3.7765664293884154,0.005382760923107707,0.002225378950746297,,0.033722196548930904,
nogeo,cube,4500,pure,off,0,4500,True,0.24,flag-unread,True,3868,1.0,15,0.003875968992248062,1.0284550121424418,0.19517133782193952,3.257453750655805,113.76470588235294,4.061083314666792,0.005390448734343012,0.0022297591857704958,,0.054629367044953345,
nogeo,cube,4500,pure,guided,0,4500,True,0.24,refused,True,3868,1.0,15,0.003875968992248062,1.0284550121424418,0.19517133782193952,3.257453750655805,113.76470588235294,4.061083314666792,0.005390448734343012,0.0022297591857704958,,0.054629367044953345,
nogeo,cube,6000,mixed,off,0,6000,True,0.51,flag-unread,True,5049,1.0,14,0.0027717283706196793,0.19487797510309862,0.043173310984016666,0.561643914730805,116.06896551724138,3.2245477482385487,0.005381057967910395,0.002235916929221268,,0.013465734063087332,
nogeo,cube,6000,mixed,guided,0,6000,True,0.56,refused,True,5049,1.0,14,0.0027717283706196793,0.19487797510309862,0.043173310984016666,0.561643914730805,116.06896551724138,3.2245477482385487,0.005381057967910395,0.002235916929221268,,0.013465734063087332,
nogeo,cube,6000,pure,off,0,6000,True,0.3,flag-unread,True,5400,1.0,8,0.001480932987782303,0.17922437511078018,0.058411686000866325,0.7143702828360133,120.0,3.0280144104420827,0.005399965904254141,0.0022343168870719693,,0.004181364703004629,
nogeo,cube,6000,pure,guided,0,6000,True,0.32,refused,True,5400,1.0,8,0.001480932987782303,0.17922437511078018,0.058411686000866325,0.7143702828360133,120.0,3.0280144104420827,0.005399965904254141,0.0022343168870719693,,0.004181364703004629,
nogeo,stanford-bunny,500,mixed,off,0,500,True,1.26,flag-unread,True,317,0.9351032448377581,66,0.19584569732937684,17.743639950816483,13.419125701670467,48.69260140873775,15.463414634146341,33.680322908250204,0.060153856765595114,0.007394796013043982,0.13620071684587814,0.45246161441419097,
nogeo,stanford-bunny,500,mixed,guided,0,500,True,1.32,refused,True,317,0.9351032448377581,66,0.19584569732937684,17.743639950816483,13.419125701670467,48.69260140873775,15.463414634146341,33.680322908250204,0.060153856765595114,0.007394796013043982,0.13620071684587814,0.45246161441419097,
nogeo,stanford-bunny,500,pure,off,0,500,True,2.41,flag-unread,True,3172,1.0,380,0.11972274732199117,12.760737122961496,7.885357727296395,40.13262042622127,352.44444444444446,22.96569670567758,0.010132806491717394,0.0020538617270655208,0.5722819593787336,0.3637204223320028,
nogeo,stanford-bunny,500,pure,guided,0,500,True,2.37,refused,True,3172,1.0,380,0.11972274732199117,12.760737122961496,7.885357727296395,40.13262042622127,352.44444444444446,22.96569670567758,0.010132806491717394,0.0020538617270655208,0.5722819593787336,0.3637204223320028,
nogeo,stanford-bunny,1000,mixed,off,0,1000,True,1.39,flag-unread,True,840,0.967741935483871,59,0.06836616454229433,8.399059936290172,5.627730293499546,26.580018472311036,35.744680851063826,20.575614249292446,0.01192412317644418,0.0030524153997126377,0.24850657108721624,0.4755055406172022,
nogeo,stanford-bunny,1000,mixed,guided,0,1049,True,1.38,refused,True,837,0.9698725376593279,45,0.05202312138728324,10.402711295245632,7.281822117979537,29.51509147726573,33.48,20.230081014632322,0.012047110799679324,0.0029936134657151314,0.27837514934289126,0.38351865137389546,
nogeo,stanford-bunny,1000,pure,off,0,1000,True,1.59,flag-unread,True,930,1.0,55,0.059012875536480686,11.919554145830707,8.261955755582775,35.84093422754453,620.0,23.314239913973406,0.0332574343040341,0.003870944788418915,0.23058542413381122,0.26133555524134294,
nogeo,stanford-bunny,1000,pure,guided,0,1000,True,1.7,refused,True,930,1.0,55,0.059012875536480686,11.919554145830707,8.261955755582775,35.84093422754453,620.0,23.314239913973406,0.0332574343040341,0.003870944788418915,0.23058542413381122,0.26133555524134294,
nogeo,stanford-bunny,1500,mixed,off,0,1500,True,1.5,flag-unread,True,1260,0.9813084112149533,59,0.04605776736924278,7.405678429450657,4.689111936723833,24.50547116322703,58.604651162790695,18.059197067884263,0.011027142880769546,0.0025551730406026658,0.3847072879330944,0.2854385013918034,
nogeo,stanford-bunny,1500,mixed,guided,0,1500,True,1.53,refused,True,1260,0.9813084112149533,59,0.04605776736924278,7.405678429450657,4.689111936723833,24.50547116322703,58.604651162790695,18.059197067884263,0.011027142880769546,0.0025551730406026658,0.3847072879330944,0.2854385013918034,
nogeo,stanford-bunny,1500,pure,off,0,1500,True,1.68,flag-unread,True,1026,1.0,57,0.05544747081712062,10.769642078936155,7.733923007033944,32.5762787850715,410.4,21.29410480560881,0.141766541525158,0.007033993039676527,0.14575866188769415,0.2745828580662298,
nogeo,stanford-bunny,1500,pure,guided,0,1500,True,1.69,refused,True,1026,1.0,57,0.05544747081712062,10.769642078936155,7.733923007033944,32.5762787850715,410.4,21.29410480560881,0.141766541525158,0.007033993039676527,0.14575866188769415,0.2745828580662298,
nogeo,stanford-bunny,2000,mixed,off,0,2000,True,1.51,flag-unread,True,1676,0.9761211415259173,86,0.050204319906596614,7.691890009966187,5.2901723391498905,22.501913249125096,44.10526315789474,16.396776523274625,0.009147272634449852,0.0023071177813491265,0.5149342891278376,0.36462269416871246,
nogeo,stanford-bunny,2000,mixed,guided,0,2000,True,1.46,refused,True,1676,0.9761211415259173,86,0.050204319906596614,7.691890009966187,5.2901723391498905,22.501913249125096,44.10526315789474,16.396776523274625,0.009147272634449852,0.0023071177813491265,0.5149342891278376,0.36462269416871246,
nogeo,stanford-bunny,2000,pure,off,0,2000,True,1.38,flag-unread,True,1348,1.0,88,0.06518518518518518,10.176171540271204,6.1299220818008635,33.50723120222316,337.0,21.881934042316484,0.04101520063645024,0.0038203711466046966,0.2891278375149343,0.3272674946760632,
nogeo,stanford-bunny,2000,pure,guided,0,2000,True,1.44,refused,True,1348,1.0,88,0.06518518518518518,10.176171540271204,6.1299220818008635,33.50723120222316,337.0,21.881934042316484,0.04101520063645024,0.0038203711466046966,0.2891278375149343,0.3272674946760632,
nogeo,stanford-bunny,3000,mixed,off,0,3000,True,1.56,flag-unread,True,2515,0.9782185919875535,87,0.03385214007782101,7.0814324643625515,4.578720453482269,20.996226094497608,46.574074074074076,14.05501243664081,0.00672821859019175,0.0020185006005175397,0.6547192353643967,0.26664312696850484,
nogeo,stanford-bunny,3000,mixed,guided,0,3000,True,14.31,steered(injected=0),True,2535,0.9829391236913533,92,0.03570042685292976,6.711787819281322,4.175704579311805,20.24891302742539,60.357142857142854,14.072644590588776,0.007085465173408735,0.002034246064461737,0.5615292712066906,0.2693193031430695,
nogeo,stanford-bunny,3000,pure,off,0,3000,True,1.56,flag-unread,True,2156,1.0,99,0.0458758109360519,10.560934717700698,7.573172550716762,32.382739493611346,539.0,18.069667217300168,0.011317925532841801,0.00221314498455761,0.3835125448028674,0.24696974373022915,
nogeo,stanford-bunny,3000,pure,guided,0,3000,True,2.69,steered(injected=0),True,2168,1.0,114,0.052534562211981564,11.98657785048631,8.787157564800971,35.72792947971405,361.3333333333333,18.58582442920557,0.011420881309414247,0.002224391118350902,0.37037037037037035,0.25612371425609337,
nogeo,stanford-bunny,4500,mixed,off,0,4500,True,1.85,flag-unread,True,3840,0.9838585703305149,61,0.015835929387331256,5.622836610236249,3.901479877485585,16.403793287787956,66.20689655172414,11.875838821228898,0.005329052430168044,0.001851024440240826,0.7837514934289128,0.15713918715415226,
nogeo,stanford-bunny,4500,mixed,guided,0,4500,True,19.34,steered(injected=0),True,3847,0.9866632469864067,65,0.016856846473029045,5.708977179030632,4.008388061252482,16.86735740866571,71.90654205607477,11.912319157164863,0.005966434045947585,0.0018652156561252279,0.7371565113500598,0.18805827070817394,
nogeo,stanford-bunny,4500,pure,off,0,4500,True,1.53,flag-unread,True,3844,1.0,75,0.01950078003120125,8.333491377434363,5.490817634925449,28.109309760952264,1922.0,13.709328368375315,0.008680060420876738,0.001915977204940843,0.6379928315412187,0.23442780474236186,
nogeo,stanford-bunny,4500,pure,guided,0,4450,True,11.96,steered(injected=0),True,3850,1.0,71,0.018431983385254414,7.696925184252719,5.266827452871695,23.221412785422427,1100.0,13.909670351164637,0.007170357545416585,0.0018678211235717474,0.6344086021505376,0.2557707302353325,
nogeo,stanford-bunny,6000,mixed,off,0,6000,True,2.09,flag-unread,True,5032,0.9886051080550098,97,0.019109535066981875,6.889590366358747,4.49170198553125,19.518214596866553,100.64,11.25672717030735,0.005830858334338758,0.0017962595580959518,0.7741935483870968,0.297715914579978,
nogeo,stanford-bunny,6000,mixed,guided,0,6000,True,18.11,steered(injected=0),True,5010,0.9869976359338062,99,0.01955362433339917,6.909305142588108,4.552497367474118,19.77260635749902,88.67256637168141,11.325998542384568,0.006302046067967162,0.0018037369360120923,0.7670250896057348,0.32659752053735186,
nogeo,stanford-bunny,6000,pure,off,0,6000,True,1.7,flag-unread,True,5126,1.0,83,0.016185647425897037,6.855422622054698,4.648102634278729,21.510321682568478,3417.3333333333335,12.168977313528202,0.00637126918833034,0.0017709210805523195,0.7180406212664278,0.19019499142083948,
nogeo,stanford-bunny,6000,pure,guided,0,6000,True,1.73,refused,True,5126,1.0,83,0.016185647425897037,6.855422622054698,4.648102634278729,21.510321682568478,3417.3333333333335,12.168977313528202,0.00637126918833034,0.0017709210805523195,0.7180406212664278,0.19019499142083948,
